GEOID,winner_name,winner_party,winner_votes,winner_margin,second_name,second_party,second_votes,second_margin,dem_margin
53001,Jay Inslee,democratic,1533,0.3272843723313407,Bill Bryant,republican,3151,0.6727156276686592,-0.3454312553373185
53003,Jay Inslee,democratic,4149,0.4251895880303341,Bill Bryant,republican,5609,0.5748104119696659,-0.1496208239393318
53005,Jay Inslee,democratic,31122,0.3803715472989489,Bill Bryant,republican,50698,0.619628452701051,-0.23925690540210215
53007,Jay Inslee,democratic,13657,0.4135727696687057,Bill Bryant,republican,19365,0.5864272303312943,-0.17285446066258858
53009,Jay Inslee,democratic,19354,0.490446505498961,Bill Bryant,republican,20108,0.5095534945010389,-0.019106989002077912
53011,Jay Inslee,democratic,96032,0.4805949384192694,Bill Bryant,republican,103787,0.5194050615807305,-0.038810123161461096
53013,Jay Inslee,democratic,688,0.31574116567232674,Bill Bryant,republican,1491,0.6842588343276732,-0.36851766865534646
53015,Jay Inslee,democratic,19217,0.42707291597217595,Bill Bryant,republican,25780,0.5729270840278241,-0.14585416805564816
53017,Jay Inslee,democratic,5441,0.3479345184806241,Bill Bryant,republican,10197,0.6520654815193759,-0.3041309630387518
53019,Jay Inslee,democratic,1360,0.37652270210409744,Bill Bryant,republican,2252,0.6234772978959026,-0.24695459579180512
53021,Jay Inslee,democratic,9636,0.4049590250052532,Bill Bryant,republican,14159,0.5950409749947468,-0.19008194998949363
53023,Jay Inslee,democratic,362,0.3019182652210175,Bill Bryant,republican,837,0.6980817347789825,-0.396163469557965
53025,Jay Inslee,democratic,9242,0.3226617323604371,Bill Bryant,republican,19401,0.6773382676395628,-0.35467653527912574
53027,Jay Inslee,democratic,14034,0.4860428066772875,Bill Bryant,republican,14840,0.5139571933227125,-0.027914386645425004
53029,Jay Inslee,democratic,21797,0.5027331226791522,Bill Bryant,republican,21560,0.49726687732084784,0.005466245358304311
53031,Jay Inslee,democratic,13399,0.6552719092331768,Bill Bryant,republican,7049,0.34472809076682315,0.31054381846635365
53033,Jay Inslee,democratic,677943,0.6784959742189884,Bill Bryant,republican,321242,0.3215040257810115,0.35699194843797694
53035,Jay Inslee,democratic,66360,0.5263032667919769,Bill Bryant,republican,59727,0.473696733208023,0.052606533583953896
53037,Jay Inslee,democratic,7984,0.4175077132249124,Bill Bryant,republican,11139,0.5824922867750876,-0.16498457355017515
53039,Jay Inslee,democratic,4517,0.4191333395193468,Bill Bryant,republican,6260,0.5808666604806533,-0.1617333209613065
53041,Jay Inslee,democratic,11088,0.322728992636144,Bill Bryant,republican,23269,0.677271007363856,-0.354542014727712
53043,Jay Inslee,democratic,1616,0.27977839335180055,Bill Bryant,republican,4160,0.7202216066481995,-0.4404432132963989
53045,Jay Inslee,democratic,13126,0.4607068898950546,Bill Bryant,republican,15365,0.5392931101049454,-0.07858622020989081
53047,Jay Inslee,democratic,7400,0.4329257590826654,Bill Bryant,republican,9693,0.5670742409173346,-0.1341484818346692
53049,Jay Inslee,democratic,5313,0.49464668094218417,Bill Bryant,republican,5428,0.5053533190578159,-0.010706638115631717
53051,Jay Inslee,democratic,2520,0.3660662405578152,Bill Bryant,republican,4364,0.6339337594421848,-0.26786751888436955
53053,Jay Inslee,democratic,176822,0.5007745746919402,Bill Bryant,republican,176275,0.4992254253080598,0.0015491493838803994
53055,Jay Inslee,democratic,7509,0.6911182696732627,Bill Bryant,republican,3356,0.3088817303267372,0.3822365393465255
53057,Jay Inslee,democratic,28261,0.4961813297750935,Bill Bryant,republican,28696,0.5038186702249066,-0.007637340449813068
53059,Jay Inslee,democratic,2476,0.444524236983842,Bill Bryant,republican,3094,0.555475763016158,-0.11095152603231595
53061,Jay Inslee,democratic,182541,0.5225893999730891,Bill Bryant,republican,166760,0.4774106000269109,0.04517879994617818
53063,Jay Inslee,democratic,106009,0.45973935858793935,Bill Bryant,republican,124576,0.5402606414120606,-0.0805212828241213
53065,Jay Inslee,democratic,7148,0.31079612157050307,Bill Bryant,republican,15851,0.6892038784294969,-0.37840775685899386
53067,Jay Inslee,democratic,71830,0.5490582767687886,Bill Bryant,republican,58994,0.4509417232312114,0.0981165535375772
53069,Jay Inslee,democratic,941,0.39974511469838575,Bill Bryant,republican,1413,0.6002548853016143,-0.20050977060322855
53071,Jay Inslee,democratic,10672,0.4184113541911707,Bill Bryant,republican,14834,0.5815886458088293,-0.1631772916176586
53073,Jay Inslee,democratic,62634,0.5663776031540778,Bill Bryant,republican,47953,0.43362239684592224,0.13275520630815557
53075,Jay Inslee,democratic,8723,0.4968388676881016,Bill Bryant,republican,8834,0.5031611323118984,-0.006322264623796814
53077,Jay Inslee,democratic,35158,0.4499475287312191,Bill Bryant,republican,42980,0.5500524712687809,-0.10010494253756175
54001,JIM JUSTICE,democratic,2701,0.4430774278215223,BILL COLE,republican,2928,0.48031496062992124,-0.03723753280839892
54003,JIM JUSTICE,democratic,14879,0.35551467074452836,BILL COLE,republican,23103,0.5520166300296282,-0.19650195928509984
54005,JIM JUSTICE,democratic,5649,0.6422237380627558,BILL COLE,republican,2622,0.2980900409276944,0.34413369713506137
54007,JIM JUSTICE,democratic,2959,0.5869867089863122,BILL COLE,republican,1765,0.35012894267010514,0.23685776631620709
54009,JIM JUSTICE,democratic,4570,0.48344440918227016,BILL COLE,republican,4087,0.43234951867132126,0.0510948905109489
54011,JIM JUSTICE,democratic,18148,0.5445924858960509,BILL COLE,republican,12065,0.36205137438482776,0.18254111151122315
54013,JIM JUSTICE,democratic,1193,0.45621414913957936,BILL COLE,republican,1157,0.4424474187380497,0.013766730401529648
54015,JIM JUSTICE,democratic,1683,0.55599603567889,BILL COLE,republican,1138,0.37594978526593986,0.18004625041295014
54017,JIM JUSTICE,democratic,905,0.3168767507002801,BILL COLE,republican,1739,0.6088935574229691,-0.29201680672268904
54019,JIM JUSTICE,democratic,9631,0.6205941104452607,BILL COLE,republican,4560,0.2938333655519041,0.3267607448933566
54021,JIM JUSTICE,democratic,1195,0.46588693957115007,BILL COLE,republican,1116,0.43508771929824563,0.030799220272904437
54023,JIM JUSTICE,democratic,1313,0.2762465811066695,BILL COLE,republican,3203,0.6738901746265517,-0.39764359351988215
54025,JIM JUSTICE,democratic,8589,0.6056268509378084,BILL COLE,republican,4361,0.30750246791707797,0.29812438302073047
54027,JIM JUSTICE,democratic,2537,0.30094899169632267,BILL COLE,republican,5239,0.6214709371293001,-0.32052194543297746
54029,JIM JUSTICE,democratic,5322,0.42805437143086944,BILL COLE,republican,5992,0.48194321563580794,-0.0538888442049385
54031,JIM JUSTICE,democratic,2237,0.40219345559151387,BILL COLE,republican,3015,0.5420711974110033,-0.13987774181948942
54033,JIM JUSTICE,democratic,14317,0.5062767424590686,BILL COLE,republican,11916,0.4213727500972453,0.08490399236182333
54035,JIM JUSTICE,democratic,6200,0.5044341388007485,BILL COLE,republican,5122,0.4167276869253926,0.08770645187535592
54037,JIM JUSTICE,democratic,9588,0.40228245363766046,BILL COLE,republican,11599,0.4866577158680876,-0.08437526223042713
54039,JIM JUSTICE,democratic,44756,0.5858728662687193,BILL COLE,republican,23849,0.3121923761650435,0.2736804901036758
54041,JIM JUSTICE,democratic,3222,0.462465910721975,BILL COLE,republican,3294,0.4728003444811253,-0.010334433759150274
54043,JIM JUSTICE,democratic,4141,0.5765000696087985,BILL COLE,republican,2534,0.35277739106223027,0.22372267854656824
54045,JIM JUSTICE,democratic,6781,0.5552280356996643,BILL COLE,republican,4497,0.3682141979857529,0.1870138377139114
54049,JIM JUSTICE,democratic,12142,0.5245830813099456,BILL COLE,republican,8941,0.38628704743800224,0.13829603387194334
54051,JIM JUSTICE,democratic,6491,0.49455238095238097,BILL COLE,republican,5696,0.43398095238095236,0.06057142857142861
54053,JIM JUSTICE,democratic,5566,0.5426537974066491,BILL COLE,republican,4062,0.3960222287218485,0.1466315686848006
54047,JIM JUSTICE,democratic,3459,0.560888600616183,BILL COLE,republican,2493,0.40424841900437813,0.15664018161180482
54055,JIM JUSTICE,democratic,9323,0.4027909790028515,BILL COLE,republican,12662,0.5470491661626199,-0.1442581871597684
54057,JIM JUSTICE,democratic,3485,0.3044465798899275,BILL COLE,republican,7047,0.6156198130514545,-0.311173233161527
54059,JIM JUSTICE,democratic,5168,0.5488530161427357,BILL COLE,republican,3699,0.3928419711129992,0.15601104502973656
54061,JIM JUSTICE,democratic,16016,0.4428836103199403,BILL COLE,republican,14343,0.39662085557061083,0.04626275474932945
54063,JIM JUSTICE,democratic,2797,0.47665303340149967,BILL COLE,republican,2562,0.43660531697341515,0.04004771642808452
54065,JIM JUSTICE,democratic,1929,0.25958821154622524,BILL COLE,republican,4764,0.6410981025433993,-0.38150989099717403
54067,JIM JUSTICE,democratic,5780,0.6002700176550005,BILL COLE,republican,3358,0.3487381867275937,0.25153183092740683
54069,JIM JUSTICE,democratic,8377,0.4648465678930137,BILL COLE,republican,8048,0.4465900893402142,0.018256478552799493
54071,JIM JUSTICE,democratic,1335,0.4226020892687559,BILL COLE,republican,1568,0.49635960747071856,-0.07375751820196264
54073,JIM JUSTICE,democratic,1713,0.5398676331547432,BILL COLE,republican,1288,0.4059249921210211,0.13394264103372205
54075,JIM JUSTICE,democratic,1975,0.5366847826086957,BILL COLE,republican,1227,0.33342391304347824,0.20326086956521744
54077,JIM JUSTICE,democratic,3964,0.31661341853035146,BILL COLE,republican,6575,0.5251597444089456,-0.20854632587859417
54079,JIM JUSTICE,democratic,13410,0.5328194532739987,BILL COLE,republican,9956,0.39558169103623647,0.13723776223776224
54081,JIM JUSTICE,democratic,16841,0.5645848000268195,BILL COLE,republican,11140,0.3734620671158939,0.19112273291092563
54083,JIM JUSTICE,democratic,5120,0.46775077653937513,BILL COLE,republican,4500,0.4111090809428102,0.056641695596564956
54085,JIM JUSTICE,democratic,1284,0.31672422298963987,BILL COLE,republican,2523,0.6223482979773064,-0.3056240749876665
54087,JIM JUSTICE,democratic,2794,0.5263752825923135,BILL COLE,republican,2090,0.3937452901281085,0.13262999246420498
54089,JIM JUSTICE,democratic,2727,0.5520242914979757,BILL COLE,republican,1793,0.36295546558704456,0.18906882591093116
54091,JIM JUSTICE,democratic,3005,0.45454545454545453,BILL COLE,republican,3102,0.46921797004991683,-0.014672515504462302
54093,JIM JUSTICE,democratic,1481,0.42581943645773435,BILL COLE,republican,1609,0.46262219666474985,-0.036802760207015506
54095,JIM JUSTICE,democratic,1449,0.3956854178044784,BILL COLE,republican,1969,0.5376843255051884,-0.14199890770071
54097,JIM JUSTICE,democratic,3726,0.4052643028061779,BILL COLE,republican,4716,0.5129432238416358,-0.1076789210354579
54099,JIM JUSTICE,democratic,8558,0.5578515090280947,BILL COLE,republican,5824,0.37963626882211066,0.178215240205984
54101,JIM JUSTICE,democratic,1474,0.4916611074049366,BILL COLE,republican,1269,0.42328218812541696,0.06837891927951967
54103,JIM JUSTICE,democratic,3234,0.5148042024832856,BILL COLE,republican,2545,0.40512575612862145,0.10967844635466417
54105,JIM JUSTICE,democratic,1171,0.48189300411522634,BILL COLE,republican,1106,0.4551440329218107,0.026748971193415627
54107,JIM JUSTICE,democratic,17240,0.48256171975592005,BILL COLE,republican,15959,0.4467054806023624,0.03585623915355762
54109,JIM JUSTICE,democratic,4842,0.6168152866242038,BILL COLE,republican,2641,0.33643312101910827,0.28038216560509555
30001,Steve Bullock,democratic,1989,0.3962940824865511,Greg Gianforte,republican,2880,0.5738194859533772,-0.17752540346682605
30003,Steve Bullock,democratic,2724,0.6243410497364199,Greg Gianforte,republican,1497,0.3431125372450149,0.281228512491405
30005,Steve Bullock,democratic,1629,0.585549964054637,Greg Gianforte,republican,1080,0.3882099209202013,0.1973400431344357
30007,Steve Bullock,democratic,1282,0.3976426799007444,Greg Gianforte,republican,1827,0.5666873449131513,-0.1690446650124069
30009,Steve Bullock,democratic,2775,0.45395059708817276,Greg Gianforte,republican,3145,0.5144773433665958,-0.06052674627842303
30011,Steve Bullock,democratic,128,0.16120906801007556,Greg Gianforte,republican,650,0.818639798488665,-0.6574307304785894
30013,Steve Bullock,democratic,19019,0.5364415862808146,Greg Gianforte,republican,15393,0.4341682179725842,0.10227336830823042
30015,Steve Bullock,democratic,1260,0.46909903201787045,Greg Gianforte,republican,1357,0.5052122114668652,-0.03611317944899478
30017,Steve Bullock,democratic,2065,0.38954914167138277,Greg Gianforte,republican,3037,0.5729107715525372,-0.18336162988115445
30019,Steve Bullock,democratic,289,0.2976313079299691,Greg Gianforte,republican,649,0.6683831101956745,-0.3707518022657054
30021,Steve Bullock,democratic,1077,0.24333483958427474,Greg Gianforte,republican,3147,0.711025756891098,-0.46769091730682333
30023,Steve Bullock,democratic,3034,0.6960311998164717,Greg Gianforte,republican,1147,0.26313374627208075,0.4328974535443909
30025,Steve Bullock,democratic,368,0.24915368991198375,Greg Gianforte,republican,1062,0.7190250507786052,-0.4698713608666215
30027,Steve Bullock,democratic,2176,0.36146179401993356,Greg Gianforte,republican,3657,0.6074750830564785,-0.2460132890365449
30029,Steve Bullock,democratic,19202,0.4046615527269662,Greg Gianforte,republican,26384,0.5560144988620079,-0.15135294613504174
30031,Steve Bullock,democratic,30758,0.5577760046423909,Greg Gianforte,republican,22534,0.4086391991875816,0.14913680545480923
30033,Steve Bullock,democratic,114,0.1557377049180328,Greg Gianforte,republican,603,0.8237704918032787,-0.6680327868852458
30035,Steve Bullock,democratic,3799,0.7295947762627233,Greg Gianforte,republican,1276,0.24505473401190705,0.48454004225081626
30037,Steve Bullock,democratic,166,0.3394683026584867,Greg Gianforte,republican,308,0.6298568507157464,-0.29038854805725967
30039,Steve Bullock,democratic,790,0.43263964950711936,Greg Gianforte,republican,979,0.536144578313253,-0.10350492880613366
30041,Steve Bullock,democratic,3811,0.57291040288635,Greg Gianforte,republican,2642,0.39717378232110645,0.17573662056524353
30043,Steve Bullock,democratic,3086,0.4478305035553621,Greg Gianforte,republican,3602,0.5227107821796546,-0.07488027862429253
30045,Steve Bullock,democratic,485,0.39239482200647247,Greg Gianforte,republican,721,0.5833333333333334,-0.1909385113268609
30047,Steve Bullock,democratic,6561,0.4877704259906327,Greg Gianforte,republican,6363,0.47305033083042153,0.014720095160211166
30049,Steve Bullock,democratic,21363,0.6005397351924212,Greg Gianforte,republican,13296,0.3737666207516937,0.2267731144407275
30051,Steve Bullock,democratic,378,0.38650306748466257,Greg Gianforte,republican,573,0.5858895705521472,-0.19938650306748462
30053,Steve Bullock,democratic,3308,0.35034950222410505,Greg Gianforte,republican,5728,0.6066511332344843,-0.2563016310103792
30057,Steve Bullock,democratic,1982,0.4063973754357187,Greg Gianforte,republican,2745,0.5628460118925569,-0.1564486364568382
30055,Steve Bullock,democratic,248,0.23177570093457944,Greg Gianforte,republican,798,0.7457943925233644,-0.514018691588785
30059,Steve Bullock,democratic,364,0.3650952858575727,Greg Gianforte,republican,602,0.6038114343029087,-0.238716148445336
30061,Steve Bullock,democratic,878,0.42580019398642094,Greg Gianforte,republican,1065,0.5164888457807953,-0.09068865179437441
30063,Steve Bullock,democratic,39717,0.6526175687666371,Greg Gianforte,republican,19078,0.3134838476453383,0.3391337211212988
30065,Steve Bullock,democratic,741,0.3006085192697769,Greg Gianforte,republican,1599,0.6486815415821501,-0.3480730223123732
30067,Steve Bullock,democratic,5066,0.5304712041884817,Greg Gianforte,republican,4134,0.43287958115183245,0.09759162303664926
30069,Steve Bullock,democratic,74,0.22356495468277945,Greg Gianforte,republican,247,0.7462235649546828,-0.5226586102719033
30071,Steve Bullock,democratic,493,0.22097714029583146,Greg Gianforte,republican,1693,0.7588525324966383,-0.5378753922008068
30073,Steve Bullock,democratic,1310,0.467690110674759,Greg Gianforte,republican,1423,0.5080328454123527,-0.0403427347375937
30075,Steve Bullock,democratic,257,0.24108818011257035,Greg Gianforte,republican,780,0.7317073170731707,-0.49061913696060033
30077,Steve Bullock,democratic,1103,0.38742536002809974,Greg Gianforte,republican,1639,0.575693712680014,-0.18826835265191427
30079,Steve Bullock,democratic,173,0.24679029957203993,Greg Gianforte,republican,501,0.7146932952924394,-0.4679029957203995
30081,Steve Bullock,democratic,9455,0.4109797444145006,Greg Gianforte,republican,12713,0.5525949752238547,-0.14161523080935412
30083,Steve Bullock,democratic,1085,0.22311330454451983,Greg Gianforte,republican,3577,0.7355541846596751,-0.5124408801151553
30085,Steve Bullock,democratic,2039,0.5470888113764422,Greg Gianforte,republican,1525,0.40917628119130667,0.1379125301851355
30087,Steve Bullock,democratic,1430,0.4032712915961647,Greg Gianforte,republican,2018,0.5690919345741681,-0.16582064297800336
30089,Steve Bullock,democratic,2267,0.3753932770326213,Greg Gianforte,republican,3470,0.5745984434509025,-0.19920516641828118
30091,Steve Bullock,democratic,773,0.41051513542219864,Greg Gianforte,republican,1033,0.5485926712692512,-0.1380775358470525
30093,Steve Bullock,democratic,12007,0.7045948007746025,Greg Gianforte,republican,4512,0.2647731940613814,0.43982160671322107
30095,Steve Bullock,democratic,1748,0.35348837209302325,Greg Gianforte,republican,3036,0.6139534883720931,-0.2604651162790698
30097,Steve Bullock,democratic,706,0.3286778398510242,Greg Gianforte,republican,1385,0.6447858472998138,-0.3161080074487896
30099,Steve Bullock,democratic,1441,0.43772782503037666,Greg Gianforte,republican,1777,0.5397934386391251,-0.10206561360874844
30101,Steve Bullock,democratic,799,0.3861768970517158,Greg Gianforte,republican,1214,0.5867568873852103,-0.20057999033349444
30103,Steve Bullock,democratic,160,0.35714285714285715,Greg Gianforte,republican,276,0.6160714285714286,-0.25892857142857145
30105,Steve Bullock,democratic,1465,0.3706983805668016,Greg Gianforte,republican,2343,0.5928643724696356,-0.22216599190283404
30107,Steve Bullock,democratic,399,0.41304347826086957,Greg Gianforte,republican,547,0.5662525879917184,-0.15320910973084884
30109,Steve Bullock,democratic,143,0.26238532110091745,Greg Gianforte,republican,381,0.6990825688073394,-0.436697247706422
30111,Steve Bullock,democratic,33974,0.47869582370512315,Greg Gianforte,republican,34467,0.4856422251028575,-0.006946401397734336
50001,Phil Scott,republican,10101,0.527742946708464,Sue Minter,democratic,8576,0.44806687565308256,-0.07967607105538144
50003,Phil Scott,republican,8551,0.4937066974595843,Sue Minter,democratic,8140,0.46997690531177827,-0.023729792147806017
50005,Phil Scott,republican,9221,0.6493204703894092,Sue Minter,democratic,4494,0.31645658756425604,-0.33286388282515317
50007,Phil Scott,republican,38277,0.4599329512274251,Sue Minter,democratic,42993,0.5165999783713637,0.05666702714393862
50009,Phil Scott,republican,2056,0.7072583419332645,Sue Minter,democratic,736,0.25318197454420366,-0.4540763673890609
50011,Phil Scott,republican,14512,0.6742867763219031,Sue Minter,democratic,6425,0.2985317349688691,-0.37575504135303406
50013,Phil Scott,republican,2615,0.6316425120772947,Sue Minter,democratic,1422,0.34347826086956523,-0.2881642512077295
50015,Phil Scott,republican,7222,0.5655442443226312,Sue Minter,democratic,5242,0.41049334377447144,-0.15505090054815973
50017,Phil Scott,republican,8459,0.5738805970149253,Sue Minter,democratic,5901,0.4003392130257802,-0.17354138398914515
50019,Phil Scott,republican,8291,0.6870235333112363,Sue Minter,democratic,3299,0.27336758369240965,-0.4136559496188267
50021,Phil Scott,republican,18443,0.6232006487801581,Sue Minter,democratic,10155,0.3431438805163209,-0.28005676826383724
50023,Phil Scott,republican,16977,0.5403934300993124,Sue Minter,democratic,13756,0.43786605551311436,-0.10252737458619804
50025,Phil Scott,republican,8084,0.36079621529947337,Sue Minter,democratic,13372,0.5968044273855218,0.23600821208604839
50027,Phil Scott,republican,14008,0.4693111766282498,Sue Minter,democratic,14742,0.49390243902439024,0.024591262396140456
37001,Roy Cooper,democratic,32032,0.45232715770447357,Pat McCrory,republican,37501,0.5295554676909173,-0.07722830998644375
37003,Roy Cooper,democratic,4648,0.25422523655855167,Pat McCrory,republican,13248,0.7246075589345293,-0.47038232237597766
37005,Roy Cooper,democratic,1643,0.30866052977644187,Pat McCrory,republican,3583,0.6731166635356002,-0.3644561337591583
37007,Roy Cooper,democratic,5851,0.5586213481000573,Pat McCrory,republican,4511,0.4306855069696391,0.12793584113041817
37009,Roy Cooper,democratic,4304,0.32057202443021005,Pat McCrory,republican,8834,0.6579770594369134,-0.3374050350067034
37011,Roy Cooper,democratic,1978,0.24154353400903653,Pat McCrory,republican,6023,0.7354988399071926,-0.49395530589815606
37013,Roy Cooper,democratic,8855,0.3722621600033632,Pat McCrory,republican,14610,0.6142010341783327,-0.2419388741749695
37015,Roy Cooper,democratic,5504,0.5941278065630398,Pat McCrory,republican,3700,0.39939550949913644,0.19473229706390333
37017,Roy Cooper,democratic,7263,0.460733316417153,Pat McCrory,republican,8312,0.5272773407764527,-0.06654402435929974
37019,Roy Cooper,democratic,25285,0.37412147665902196,Pat McCrory,republican,40726,0.6025893319523563,-0.22846785529333435
37021,Roy Cooper,democratic,81877,0.5931181860987359,Pat McCrory,republican,51874,0.37577601506755043,0.21734217103118547
37023,Roy Cooper,democratic,13372,0.3454047631347833,Pat McCrory,republican,24466,0.6319677635997314,-0.2865630004649481
37025,Roy Cooper,democratic,37918,0.40820764568463436,Pat McCrory,republican,52530,0.5655136776152182,-0.15730603193058385
37027,Roy Cooper,democratic,10055,0.27810814548471857,Pat McCrory,republican,25173,0.6962522472687042,-0.4181441017839856
37029,Roy Cooper,democratic,1361,0.27758515194778705,Pat McCrory,republican,3410,0.6954925555782174,-0.4179074036304304
37031,Roy Cooper,democratic,10687,0.28444054082827636,Pat McCrory,republican,26095,0.6945331629937187,-0.41009262216544234
37033,Roy Cooper,democratic,5035,0.45969140874646214,Pat McCrory,republican,5762,0.5260659180133297,-0.06637450926686755
37035,Roy Cooper,democratic,23766,0.3307724425887265,Pat McCrory,republican,46269,0.6439665970772442,-0.31319415448851773
37037,Roy Cooper,democratic,22097,0.5542540383264773,Pat McCrory,republican,17052,0.4277114477776663,0.12654259054881106
37039,Roy Cooper,democratic,3712,0.26768587293574675,Pat McCrory,republican,9717,0.7007283478762529,-0.4330424749405062
37041,Roy Cooper,democratic,2990,0.4187088643047192,Pat McCrory,republican,4079,0.5712085142136956,-0.15249964990897635
37043,Roy Cooper,democratic,1690,0.2876595744680851,Pat McCrory,republican,4029,0.6857872340425532,-0.39812765957446805
37045,Roy Cooper,democratic,16114,0.36291158055943423,Pat McCrory,republican,27548,0.6204225034908337,-0.2575109229313995
37047,Roy Cooper,democratic,9316,0.39868190182736335,Pat McCrory,republican,13740,0.588008730260624,-0.1893268284332606
37049,Roy Cooper,democratic,17814,0.38197958658547043,Pat McCrory,republican,27926,0.5988077879749549,-0.2168282013894845
37051,Roy Cooper,democratic,70449,0.5585870599429115,Pat McCrory,republican,52762,0.4183476054551221,0.14023945448778935
37053,Roy Cooper,democratic,3156,0.2550921435499515,Pat McCrory,republican,8851,0.7154057549304882,-0.46031361138053667
37055,Roy Cooper,democratic,8086,0.41885521885521887,Pat McCrory,republican,10702,0.5543641543641543,-0.13550893550893545
37057,Roy Cooper,democratic,21945,0.2946389011962782,Pat McCrory,republican,50860,0.6828587156456009,-0.38821981444932263
37059,Roy Cooper,democratic,6438,0.2971338902478423,Pat McCrory,republican,14721,0.6794203166105137,-0.3822864263626714
37061,Roy Cooper,democratic,8180,0.39568519324723067,Pat McCrory,republican,12269,0.593479417597833,-0.1977942243506023
37063,Roy Cooper,democratic,122137,0.7855530328854701,Pat McCrory,republican,30720,0.19758295332488632,0.5879700795605838
37065,Roy Cooper,democratic,16162,0.6525882257934265,Pat McCrory,republican,8389,0.3387305176451587,0.31385770814826774
37067,Roy Cooper,democratic,99689,0.5623600291083043,Pat McCrory,republican,73589,0.4151261641911445,0.14723386491715978
37069,Roy Cooper,democratic,13849,0.4564751639803553,Pat McCrory,republican,15900,0.5240779195095422,-0.06760275552918688
37071,Roy Cooper,democratic,33708,0.3516378051324849,Pat McCrory,republican,60006,0.6259753807636136,-0.2743375756311287
37073,Roy Cooper,democratic,2338,0.44188244188244186,Pat McCrory,republican,2875,0.5433755433755434,-0.10149310149310153
37075,Roy Cooper,democratic,1144,0.28358948934060485,Pat McCrory,republican,2760,0.6841844323252355,-0.40059494298463066
37077,Roy Cooper,democratic,13528,0.49578538444623615,Pat McCrory,republican,13308,0.48772264164773144,0.008062742798504718
37079,Roy Cooper,democratic,3602,0.4473422752111277,Pat McCrory,republican,4383,0.5443368107302533,-0.09699453551912562
37081,Roy Cooper,democratic,155692,0.6091998998309648,Pat McCrory,republican,94467,0.36963547862017154,0.23956442121079324
37083,Roy Cooper,democratic,16021,0.6397651944732848,Pat McCrory,republican,8830,0.3526076191997444,0.2871575752735404
37085,Roy Cooper,democratic,17666,0.38547644504571343,Pat McCrory,republican,27122,0.5918086800933906,-0.20633223504767717
37087,Roy Cooper,democratic,12864,0.4224630541871921,Pat McCrory,republican,16625,0.5459770114942529,-0.12351395730706083
37089,Roy Cooper,democratic,22459,0.3895412366663776,Pat McCrory,republican,33599,0.5827595178215246,-0.193218281155147
37091,Roy Cooper,democratic,6681,0.6681668166816682,Pat McCrory,republican,3243,0.32433243324332434,0.3438343834383439
37093,Roy Cooper,democratic,9688,0.5389108305056461,Pat McCrory,republican,7799,0.4338321188184903,0.10507871168715582
37095,Roy Cooper,democratic,1011,0.440907108591365,Pat McCrory,republican,1257,0.5481901439162669,-0.10728303532490185
37097,Roy Cooper,democratic,28585,0.3489081743503363,Pat McCrory,republican,50923,0.6215655400539505,-0.2726573657036142
37099,Roy Cooper,democratic,9205,0.4953185535944899,Pat McCrory,republican,8782,0.4725570383125269,0.02276151528196302
37101,Roy Cooper,democratic,31182,0.36397805532858646,Pat McCrory,republican,52921,0.617730827594257,-0.25375277226567056
37103,Roy Cooper,democratic,2050,0.40133124510571655,Pat McCrory,republican,2998,0.5869224745497259,-0.18559122944400935
37105,Roy Cooper,democratic,11369,0.4560369033293221,Pat McCrory,republican,13017,0.5221419975932611,-0.06610509426393896
37107,Roy Cooper,democratic,12458,0.46799398948159276,Pat McCrory,republican,13882,0.5214876033057851,-0.053493613824192376
37109,Roy Cooper,democratic,11331,0.2843555510941578,Pat McCrory,republican,27558,0.6915779963862678,-0.40722244529211005
37113,Roy Cooper,democratic,6279,0.35841086820023976,Pat McCrory,republican,10715,0.6116216679034191,-0.25321079970317933
37115,Roy Cooper,democratic,4796,0.42963361103645975,Pat McCrory,republican,6049,0.5418794230941503,-0.11224581205769052
37117,Roy Cooper,democratic,5783,0.4865387851253576,Pat McCrory,republican,6015,0.506057546693589,-0.019518761568231457
37111,Roy Cooper,democratic,6022,0.306572315837703,Pat McCrory,republican,13049,0.664307895942575,-0.357735580104872
37119,Roy Cooper,democratic,297129,0.6327211166831699,Pat McCrory,republican,160501,0.3417787289317618,0.29094238775140807
37121,Roy Cooper,democratic,1998,0.24915824915824916,Pat McCrory,republican,5822,0.7260256889886519,-0.4768674398304028
37123,Roy Cooper,democratic,4658,0.40543128209591783,Pat McCrory,republican,6656,0.5793367568979023,-0.17390547480198448
37125,Roy Cooper,democratic,17794,0.3670909578528253,Pat McCrory,republican,29688,0.6124646710539888,-0.24537371320116352
37127,Roy Cooper,democratic,24646,0.5173600906839078,Pat McCrory,republican,22486,0.47201813678156096,0.0453419539023468
37129,Roy Cooper,democratic,56370,0.5091726959867762,Pat McCrory,republican,51105,0.46161558680866055,0.04755710917811562
37131,Roy Cooper,democratic,6101,0.6233779503422908,Pat McCrory,republican,3617,0.3695718810667212,0.25380606927556965
37133,Roy Cooper,democratic,17994,0.31938232161874336,Pat McCrory,republican,36688,0.6511892083777068,-0.3318068867589634
37135,Roy Cooper,democratic,61344,0.7481979289904743,Pat McCrory,republican,19153,0.23360450792179438,0.51459342106868
37137,Roy Cooper,democratic,2466,0.36105417276720353,Pat McCrory,republican,4261,0.6238653001464128,-0.2628111273792093
37139,Roy Cooper,democratic,8774,0.5107101280558789,Pat McCrory,republican,8071,0.46979045401629804,0.040919674039580856
37141,Roy Cooper,democratic,10187,0.37053068053686394,Pat McCrory,republican,16622,0.6045902593387408,-0.23405957880187683
37143,Roy Cooper,democratic,2356,0.3574029126213592,Pat McCrory,republican,4160,0.6310679611650486,-0.2736650485436894
37145,Roy Cooper,democratic,8400,0.43136650747188415,Pat McCrory,republican,10770,0.5530734863657372,-0.12170697889385301
37147,Roy Cooper,democratic,41916,0.5243170219153407,Pat McCrory,republican,36705,0.4591338937256079,0.06518312818973276
37149,Roy Cooper,democratic,4302,0.3991464093523845,Pat McCrory,republican,6225,0.5775654110224532,-0.1784190016700687
37151,Roy Cooper,democratic,16374,0.2550308392000498,Pat McCrory,republican,46370,0.7222291446015825,-0.4671983054015327
37153,Roy Cooper,democratic,8948,0.4684081034392504,Pat McCrory,republican,9844,0.5153117311417055,-0.0469036277024551
37155,Roy Cooper,democratic,18536,0.460830867911394,Pat McCrory,republican,21305,0.5296720781642343,-0.06884121025284035
37157,Roy Cooper,democratic,16334,0.3887659169344282,Pat McCrory,republican,24831,0.591003213138165,-0.20223729620373676
37159,Roy Cooper,democratic,21631,0.3375993007975278,Pat McCrory,republican,40812,0.6369609663977026,-0.2993616656001748
37161,Roy Cooper,democratic,9512,0.31799946509761967,Pat McCrory,republican,19672,0.6576624765980209,-0.33966301150040124
37163,Roy Cooper,democratic,10566,0.41007529302181167,Pat McCrory,republican,14935,0.5796398354420554,-0.16956454242024377
37165,Roy Cooper,democratic,7351,0.5392854522778959,Pat McCrory,republican,6091,0.44684909397696426,0.09243635830093166
37167,Roy Cooper,democratic,8163,0.27376081561472937,Pat McCrory,republican,21054,0.7060835736803274,-0.432322758065598
37169,Roy Cooper,democratic,6177,0.2749365736413406,Pat McCrory,republican,15726,0.6999599412471625,-0.42502336760582193
37171,Roy Cooper,democratic,9624,0.3012112296954712,Pat McCrory,republican,21714,0.6796031423116647,-0.37839191261619354
37173,Roy Cooper,democratic,2662,0.4417524062396283,Pat McCrory,republican,3096,0.5137736475273813,-0.072021241287753
37175,Roy Cooper,democratic,7598,0.42984838198687486,Pat McCrory,republican,9549,0.540224032586558,-0.11037565059968318
37177,Roy Cooper,democratic,704,0.4088269454123113,Pat McCrory,republican,990,0.5749128919860628,-0.16608594657375148
37179,Roy Cooper,democratic,35921,0.34194844261670854,Pat McCrory,republican,66739,0.6353190922245069,-0.29337064960779835
37181,Roy Cooper,democratic,12267,0.6180160209582347,Pat McCrory,republican,7381,0.3718575243085294,0.2461584966497053
37183,Roy Cooper,democratic,315555,0.5992593647628542,Pat McCrory,republican,199356,0.3785899444523572,0.22066942031049702
37185,Roy Cooper,democratic,6469,0.6608438042700991,Pat McCrory,republican,3218,0.32873633670446417,0.332107467565635
37187,Roy Cooper,democratic,3386,0.5547182175622543,Pat McCrory,republican,2665,0.4365989515072084,0.11811926605504586
37189,Roy Cooper,democratic,15650,0.5260150578112396,Pat McCrory,republican,13073,0.4393990319978489,0.08661602581339067
37191,Roy Cooper,democratic,21859,0.434054805401112,Pat McCrory,republican,27821,0.5524424146147736,-0.1183876092136616
37193,Roy Cooper,democratic,8280,0.26582766148709386,Pat McCrory,republican,22246,0.7142031591113394,-0.4483754976242455
37195,Roy Cooper,democratic,20471,0.5383846619151567,Pat McCrory,republican,17161,0.45133208847276646,0.0870525734423902
37197,Roy Cooper,democratic,4033,0.2293953700017064,Pat McCrory,republican,13192,0.7503554974119788,-0.5209601274102724
37199,Roy Cooper,democratic,3931,0.3928642814311413,Pat McCrory,republican,5845,0.5841495102938237,-0.19128522886268234
49001,Gary Herbert,republican,2033,0.8217461600646726,Mike Weinholtz,democratic,324,0.13096200485044462,-0.690784155214228
49003,Gary Herbert,republican,16084,0.8219122080842148,Mike Weinholtz,democratic,2454,0.12540242219837497,-0.6965097858858399
49005,Gary Herbert,republican,34888,0.7481878618914861,Mike Weinholtz,democratic,9260,0.19858460218743298,-0.5496032597040531
49007,Gary Herbert,republican,5574,0.7021919879062736,Mike Weinholtz,democratic,2034,0.2562358276643991,-0.44595616024187446
49009,Gary Herbert,republican,351,0.7436440677966102,Mike Weinholtz,democratic,104,0.22033898305084745,-0.5233050847457628
49011,Gary Herbert,republican,101102,0.7294937658739321,Mike Weinholtz,democratic,30720,0.22165781574694066,-0.5078359501269915
49013,Gary Herbert,republican,5837,0.8415513264129181,Mike Weinholtz,democratic,715,0.10308535178777394,-0.7384659746251442
49015,Gary Herbert,republican,3617,0.8524628800377092,Mike Weinholtz,democratic,482,0.11359886872495875,-0.7388640113127505
49017,Gary Herbert,republican,1888,0.8054607508532423,Mike Weinholtz,democratic,378,0.1612627986348123,-0.64419795221843
49019,Gary Herbert,republican,2266,0.4983505608093248,Mike Weinholtz,democratic,2067,0.45458544095007697,-0.04376511985924786
49021,Gary Herbert,republican,13646,0.7790591459237268,Mike Weinholtz,democratic,2597,0.1482644439369719,-0.6307947019867549
49023,Gary Herbert,republican,3483,0.8421179883945842,Mike Weinholtz,democratic,487,0.11774661508704062,-0.7243713733075435
49025,Gary Herbert,republican,2589,0.7452504317789291,Mike Weinholtz,democratic,729,0.20984455958549222,-0.5354058721934369
49027,Gary Herbert,republican,4455,0.844870092926228,Mike Weinholtz,democratic,566,0.10733927555471269,-0.7375308173715153
49029,Gary Herbert,republican,4304,0.8288080107837473,Mike Weinholtz,democratic,629,0.12112459079530137,-0.707683419988446
49031,Gary Herbert,republican,630,0.8798882681564246,Mike Weinholtz,democratic,54,0.07541899441340782,-0.8044692737430168
49033,Gary Herbert,republican,948,0.8494623655913979,Mike Weinholtz,democratic,122,0.10931899641577061,-0.7401433691756273
49035,Gary Herbert,republican,218570,0.5233366934277033,Mike Weinholtz,democratic,181462,0.43448654006852677,-0.08885015335917651
49037,Gary Herbert,republican,3188,0.5846323124885384,Mike Weinholtz,democratic,1975,0.36218595268659454,-0.22244635980194388
49039,Gary Herbert,republican,8701,0.8536250367899539,Mike Weinholtz,democratic,1033,0.10134405964877857,-0.7522809771411754
49041,Gary Herbert,republican,7305,0.8498138669148441,Mike Weinholtz,democratic,903,0.10504885993485343,-0.7447650069799906
49043,Gary Herbert,republican,9595,0.46836864199941425,Mike Weinholtz,democratic,10162,0.4960460802499268,0.027677438250512554
49045,Gary Herbert,republican,15030,0.691638672863651,Mike Weinholtz,democratic,5425,0.24964336661911554,-0.4419953062445354
49047,Gary Herbert,republican,10697,0.838848808030113,Mike Weinholtz,democratic,1388,0.1088456712672522,-0.7300031367628608
49049,Gary Herbert,republican,162478,0.8101378168691039,Mike Weinholtz,democratic,28469,0.14195037794930093,-0.668187438919803
49051,Gary Herbert,republican,8552,0.7049707361305746,Mike Weinholtz,democratic,3125,0.2576044843788641,-0.4473662517517105
49053,Gary Herbert,republican,47302,0.7706167931967026,Mike Weinholtz,democratic,10545,0.17179303378840702,-0.5988237594082956
49055,Gary Herbert,republican,1741,0.8135514018691589,Mike Weinholtz,democratic,362,0.1691588785046729,-0.6443925233644859
49057,Gary Herbert,republican,55052,0.6505867476571455,Mike Weinholtz,democratic,25002,0.2954655573807301,-0.3551211902764154
10001,John Carney,democratic,28059,0.4905934188900934,Colin Bonini,republican,27904,0.48788334440675596,0.0027100744833374324
10003,John Carney,democratic,173869,0.6540067405925101,Colin Bonini,republican,84712,0.31864345575733866,0.3353632848351714
10005,John Carney,democratic,46476,0.45237399988319804,Colin Bonini,republican,54236,0.5279059354863829,-0.07553193560318483
18001,Eric Holcomb,republican,8408,0.6442418205501494,John Gregg,democratic,4272,0.32733123898551836,-0.3169105815646311
18003,Eric Holcomb,republican,80458,0.5480230221707592,John Gregg,democratic,61879,0.4214760072199707,-0.12654701495078846
18005,Eric Holcomb,republican,19062,0.5947025239447166,John Gregg,democratic,11869,0.3702929522977568,-0.22440957164695974
18007,Eric Holcomb,republican,2318,0.6317797765058599,John Gregg,democratic,1201,0.32733714908694467,-0.30444262741891526
18009,Eric Holcomb,republican,2719,0.5677594487366883,John Gregg,democratic,1857,0.3877636249738985,-0.17999582376278978
18011,Eric Holcomb,republican,19269,0.5994213899085423,John Gregg,democratic,11868,0.3691905680333479,-0.23023082187519445
18013,Eric Holcomb,republican,4488,0.5637482728300465,John Gregg,democratic,3201,0.4020851651802537,-0.16166310764979275
18015,Eric Holcomb,republican,5381,0.6215779138269608,John Gregg,democratic,2923,0.3376458357398637,-0.28393207808709714
18017,Eric Holcomb,republican,8059,0.5662591343451377,John Gregg,democratic,5662,0.39783586284429456,-0.16842327150084319
18019,Eric Holcomb,republican,28440,0.5650593073851106,John Gregg,democratic,20294,0.4032107448689674,-0.16184856251614316
18021,Eric Holcomb,republican,6457,0.5841324407454315,John Gregg,democratic,4260,0.38538085760810564,-0.19875158313732583
18023,Eric Holcomb,republican,7126,0.6106778644271146,John Gregg,democratic,4120,0.3530722426943183,-0.2576056217327963
18025,Eric Holcomb,republican,2381,0.5337368303071061,John Gregg,democratic,1924,0.4312934319659269,-0.10244339834117916
18027,Eric Holcomb,republican,6460,0.6022748461681895,John Gregg,democratic,4049,0.3774939399589782,-0.22478090620921132
18033,Eric Holcomb,republican,10501,0.6341949510810484,John Gregg,democratic,5339,0.32244232395216815,-0.31175262712888024
18029,Eric Holcomb,republican,16606,0.7154366464176468,John Gregg,democratic,5936,0.2557408125457757,-0.45969583387187113
18031,Eric Holcomb,republican,7231,0.6675590841949779,John Gregg,democratic,3291,0.3038220088626292,-0.36373707533234867
18035,Eric Holcomb,republican,20736,0.4657995821820877,John Gregg,democratic,22136,0.4972482422445358,0.031448660062448064
18037,Eric Holcomb,republican,10821,0.5551793135293213,John Gregg,democratic,8171,0.41921912677646095,-0.1359601867528603
18039,Eric Holcomb,republican,40161,0.6099694719096004,John Gregg,democratic,23749,0.36070229796023756,-0.24926717394936282
18041,Eric Holcomb,republican,5485,0.5901022054868209,John Gregg,democratic,3369,0.3624529316837009,-0.22764927380312
18043,Eric Holcomb,republican,20775,0.5616686492916622,John Gregg,democratic,15171,0.4101600519087272,-0.15150859738293498
18045,Eric Holcomb,republican,4792,0.6412418038271109,John Gregg,democratic,2404,0.3216914224541683,-0.3195503813729426
18047,Eric Holcomb,republican,7795,0.7253861902103108,John Gregg,democratic,2697,0.2509771077610274,-0.4744090824492834
18049,Eric Holcomb,republican,5142,0.6114149821640904,John Gregg,democratic,2977,0.3539833531510107,-0.2574316290130797
18051,Eric Holcomb,republican,9203,0.5931296725960299,John Gregg,democratic,5969,0.38469966486207785,-0.20843000773395204
18053,Eric Holcomb,republican,14928,0.5956665735605123,John Gregg,democratic,9257,0.36937871593312316,-0.22628785762738918
18055,Eric Holcomb,republican,6834,0.49687363676021523,John Gregg,democratic,6610,0.48058746546459213,-0.016286171295623098
18057,Eric Holcomb,republican,90266,0.5840833942656737,John Gregg,democratic,60130,0.389082650136208,-0.19500074412946566
18059,Eric Holcomb,republican,22673,0.624772664645908,John Gregg,democratic,12346,0.3402039129236704,-0.28456875172223756
18061,Eric Holcomb,republican,11690,0.6349809885931559,John Gregg,democratic,6303,0.342368278109723,-0.2926127104834329
18063,Eric Holcomb,republican,45207,0.6058782534108881,John Gregg,democratic,27180,0.3642748009756882,-0.24160345243519987
18065,Eric Holcomb,republican,10769,0.5356112603203024,John Gregg,democratic,7551,0.3755595344673232,-0.16005172585297917
18067,Eric Holcomb,republican,19903,0.5378026372676178,John Gregg,democratic,15814,0.42731301340250755,-0.11048962386511024
18069,Eric Holcomb,republican,10140,0.6417721518987342,John Gregg,democratic,4973,0.314746835443038,-0.32702531645569616
18073,Eric Holcomb,republican,8086,0.6128543277247234,John Gregg,democratic,4730,0.35849628619069274,-0.25435804153403063
18075,Eric Holcomb,republican,4603,0.5890708983875096,John Gregg,democratic,2935,0.375607883286409,-0.2134630151011006
18077,Eric Holcomb,republican,7505,0.5676575145601694,John Gregg,democratic,5372,0.40632327357991077,-0.16133424098025867
18079,Eric Holcomb,republican,7089,0.6422359123029534,John Gregg,democratic,3609,0.326961406051821,-0.3152745062511324
18081,Eric Holcomb,republican,42476,0.6365066758575217,John Gregg,democratic,22263,0.3336130550102648,-0.30289362084725696
18083,Eric Holcomb,republican,6572,0.4228269960754037,John Gregg,democratic,8680,0.5584507495335521,0.13562375345814842
18085,Eric Holcomb,republican,22296,0.6963800480994472,John Gregg,democratic,8454,0.26404722491176563,-0.43233282318768157
18087,Eric Holcomb,republican,6315,0.6570596191863489,John Gregg,democratic,2951,0.3070440120695037,-0.3500156071168452
18091,Eric Holcomb,republican,18465,0.41694892291017477,John Gregg,democratic,24139,0.5450706769633744,0.12812175405319964
18089,Eric Holcomb,republican,64997,0.3297214486092722,John Gregg,democratic,127491,0.6467454990944924,0.3170240504852202
18093,Eric Holcomb,republican,11683,0.6260986066452304,John Gregg,democratic,6402,0.34308681672025726,-0.28301178992497317
18095,Eric Holcomb,republican,27586,0.5137727450505652,John Gregg,democratic,24043,0.44778648985901326,-0.06598625519155199
18097,Eric Holcomb,republican,127460,0.3498928031228468,John Gregg,democratic,226111,0.6207014875797113,0.2708086844568645
18099,Eric Holcomb,republican,10481,0.5878295008412787,John Gregg,democratic,6772,0.37980931015143016,-0.20802019068984856
18101,Eric Holcomb,republican,2829,0.5928331936295055,John Gregg,democratic,1823,0.38202011735121544,-0.21081307627829005
18103,Eric Holcomb,republican,8094,0.6113754815318377,John Gregg,democratic,4596,0.34715612961704057,-0.2642193519147972
18105,Eric Holcomb,republican,19921,0.34217351723664097,John Gregg,democratic,36379,0.6248647348803655,0.28269121764372457
18107,Eric Holcomb,republican,9412,0.6207624323967814,John Gregg,democratic,5201,0.3430286241920591,-0.2777338082047223
18109,Eric Holcomb,republican,20430,0.6608656272239115,John Gregg,democratic,9356,0.30264605033318237,-0.35821957689072914
18111,Eric Holcomb,republican,3482,0.6053546592489569,John Gregg,democratic,2065,0.35900556328233657,-0.24634909596662036
18113,Eric Holcomb,republican,10475,0.6301130895091434,John Gregg,democratic,5512,0.33156881616939365,-0.2985442733397497
18115,Eric Holcomb,republican,1805,0.6308982873121286,John Gregg,democratic,996,0.3481300244669696,-0.282768262845159
18117,Eric Holcomb,republican,4827,0.6013454590756198,John Gregg,democratic,2971,0.37012582533947924,-0.23121963373614052
18119,Eric Holcomb,republican,5085,0.5987988695242581,John Gregg,democratic,3073,0.3618699952896844,-0.2369288742345737
18121,Eric Holcomb,republican,3824,0.575990359993975,John Gregg,democratic,2608,0.39283024551890344,-0.18316011447507152
18123,Eric Holcomb,republican,3520,0.4436042848141147,John Gregg,democratic,4222,0.5320730938878387,0.08846880907372406
18125,Eric Holcomb,republican,3115,0.5264492141287814,John Gregg,democratic,2671,0.45141118810207875,-0.07503802602670268
18127,Eric Holcomb,republican,32913,0.4281755737107769,John Gregg,democratic,41563,0.5407061456002498,0.11253057188947285
18129,Eric Holcomb,republican,7202,0.5770833333333333,John Gregg,democratic,5028,0.4028846153846154,-0.17419871794871788
18131,Eric Holcomb,republican,3001,0.5710751665080875,John Gregg,democratic,2069,0.39372026641294006,-0.17735490009514748
18133,Eric Holcomb,republican,9094,0.6214720153078658,John Gregg,democratic,5049,0.3450420282922162,-0.2764299870156496
18135,Eric Holcomb,republican,6094,0.5976267529665588,John Gregg,democratic,3621,0.35510444248308326,-0.2425223104834755
18137,Eric Holcomb,republican,8948,0.700211284138039,John Gregg,democratic,3540,0.27701698098442756,-0.42319430315361145
18139,Eric Holcomb,republican,4393,0.6153522902367279,John Gregg,democratic,2440,0.34178456366437876,-0.2735677265723491
18143,Eric Holcomb,republican,4869,0.5443872987477638,John Gregg,democratic,3830,0.4282200357781753,-0.11616726296958851
18145,Eric Holcomb,republican,10998,0.6160999383788023,John Gregg,democratic,6162,0.3451907456164921,-0.2709091927623102
18147,Eric Holcomb,republican,5511,0.5639582480556693,John Gregg,democratic,4030,0.4124027834629554,-0.1515554645927139
18141,Eric Holcomb,republican,48839,0.4436198815536097,John Gregg,democratic,57835,0.525333357555499,0.08171347600188933
18149,Eric Holcomb,republican,4694,0.5235917456776352,John Gregg,democratic,3903,0.4353597322922476,-0.08823201338538761
18151,Eric Holcomb,republican,9180,0.628594905505341,John Gregg,democratic,4917,0.3366885784716516,-0.2919063270336894
18153,Eric Holcomb,republican,3623,0.42528465782368824,John Gregg,democratic,4720,0.5540556403333725,0.12877098250968427
18155,Eric Holcomb,republican,2116,0.5885952712100139,John Gregg,democratic,1379,0.3835883171070932,-0.2050069541029207
18157,Eric Holcomb,republican,30141,0.480924800153176,John Gregg,democratic,30234,0.48240869273849984,0.0014838925853238316
18159,Eric Holcomb,republican,4714,0.6314802411252511,John Gregg,democratic,2492,0.33382451440053584,-0.2976557267247153
18161,Eric Holcomb,republican,2179,0.6679950950337217,John Gregg,democratic,936,0.2869405272838749,-0.38105456774984675
18163,Eric Holcomb,republican,38188,0.527021805133867,John Gregg,democratic,32370,0.44672922991995584,-0.08029257521391114
18165,Eric Holcomb,republican,3279,0.47694545454545456,John Gregg,democratic,3339,0.48567272727272726,0.008727272727272695
18167,Eric Holcomb,republican,16772,0.42241531293288,John Gregg,democratic,21839,0.5500314821810856,0.12761616924820557
18169,Eric Holcomb,republican,8636,0.6486405287667117,John Gregg,democratic,4262,0.320114165540033,-0.3285263632266787
18171,Eric Holcomb,republican,2538,0.6467889908256881,John Gregg,democratic,1260,0.3211009174311927,-0.3256880733944954
18173,Eric Holcomb,republican,17418,0.5908612910885715,John Gregg,democratic,11434,0.38786933070999696,-0.2029919603785746
18175,Eric Holcomb,republican,7293,0.6495947269974169,John Gregg,democratic,3593,0.32003206555624836,-0.3295626614411686
18177,Eric Holcomb,republican,13472,0.5243247450766716,John Gregg,democratic,9518,0.3704366778236164,-0.1538880672530552
18179,Eric Holcomb,republican,8766,0.6693646915088577,John Gregg,democratic,3902,0.2979535736102627,-0.371411117898595
18181,Eric Holcomb,republican,6074,0.6046789447486312,John Gregg,democratic,3586,0.35699352911896465,-0.2476854156296665
18183,Eric Holcomb,republican,9972,0.6426085835803583,John Gregg,democratic,4933,0.31788890320917645,-0.3247196803711819
33013,Chris Sununu,republican,37295,0.45505569994021255,Colin Van Ostern,democratic,41195,0.5026416291469917,0.047585929206779176
33017,Chris Sununu,republican,29578,0.4411795414882986,Colin Van Ostern,democratic,34173,0.5097176439001835,0.0685381024118849
33005,Chris Sununu,republican,17107,0.42245764804662417,Colin Van Ostern,democratic,21471,0.5302267002518891,0.10776905220526495
33001,Chris Sununu,republican,18798,0.5470259573972762,Colin Van Ostern,democratic,14069,0.4094110115236876,-0.13761494587358863
33009,Chris Sununu,republican,19685,0.396531233003646,Colin Van Ostern,democratic,27621,0.5563926434744073,0.1598614104707613
33011,Chris Sununu,republican,103811,0.49701725491698107,Colin Van Ostern,democratic,95231,0.4559386789742804,-0.041078575942700646
33015,Chris Sununu,republican,94385,0.5351503365065685,Colin Van Ostern,democratic,74076,0.420001020575945,-0.1151493159306235
33003,Chris Sununu,republican,15192,0.5260569964333945,Colin Van Ostern,democratic,12503,0.4329443540288791,-0.09311264240451544
33007,Chris Sununu,republican,7424,0.48896792465257194,Colin Van Ostern,democratic,7006,0.4614371336363038,-0.027530791016268152
38001,Doug Burgum,republican,1049,0.8619556285949055,Marvin Nelson,democratic,135,0.11092851273623665,-0.7510271158586689
38003,Doug Burgum,republican,4217,0.7916275577247982,Marvin Nelson,democratic,917,0.1721419185282523,-0.6194856391965459
38005,Doug Burgum,republican,1109,0.5525660189337319,Marvin Nelson,democratic,817,0.40707523667164924,-0.14549078226208267
38007,Doug Burgum,republican,537,0.8846787479406919,Marvin Nelson,democratic,48,0.07907742998352553,-0.8056013179571664
38009,Doug Burgum,republican,2768,0.7974647075770671,Marvin Nelson,democratic,595,0.1714203399596658,-0.6260443676174013
38011,Doug Burgum,republican,1577,0.8800223214285714,Marvin Nelson,democratic,178,0.09933035714285714,-0.7806919642857143
38013,Doug Burgum,republican,905,0.8652007648183556,Marvin Nelson,democratic,122,0.11663479923518165,-0.748565965583174
38015,Doug Burgum,republican,37790,0.7973919648885888,Marvin Nelson,democratic,7821,0.1650278528021607,-0.6323641120864281
38017,Doug Burgum,republican,57024,0.7175899126670525,Marvin Nelson,democratic,18559,0.23354642236931517,-0.48404349029773736
38019,Doug Burgum,republican,1598,0.7934458788480635,Marvin Nelson,democratic,374,0.18570009930486595,-0.6077457795431975
38021,Doug Burgum,republican,1945,0.8087318087318087,Marvin Nelson,democratic,404,0.167983367983368,-0.6407484407484407
38023,Doug Burgum,republican,939,0.7747524752475248,Marvin Nelson,democratic,232,0.19141914191419143,-0.5833333333333334
38025,Doug Burgum,republican,1860,0.8393501805054152,Marvin Nelson,democratic,302,0.13628158844765342,-0.7030685920577617
38027,Doug Burgum,republican,716,0.5792880258899676,Marvin Nelson,democratic,489,0.39563106796116504,-0.1836569579288026
38029,Doug Burgum,republican,1738,0.8808920425747593,Marvin Nelson,democratic,185,0.0937658388241257,-0.7871262037506336
38031,Doug Burgum,republican,1397,0.8037974683544303,Marvin Nelson,democratic,286,0.16455696202531644,-0.6392405063291139
38033,Doug Burgum,republican,795,0.8359621451104101,Marvin Nelson,democratic,128,0.13459516298633017,-0.70136698212408
38035,Doug Burgum,republican,20458,0.7000889740606392,Marvin Nelson,democratic,7392,0.25296009855588253,-0.44712887550475666
38037,Doug Burgum,republican,1209,0.8672883787661406,Marvin Nelson,democratic,152,0.10903873744619799,-0.7582496413199427
38039,Doug Burgum,republican,961,0.7549096622152396,Marvin Nelson,democratic,278,0.21838177533385703,-0.5365278868813825
38041,Doug Burgum,republican,1104,0.8578088578088578,Marvin Nelson,democratic,143,0.1111111111111111,-0.7466977466977467
38043,Doug Burgum,republican,1167,0.8425992779783393,Marvin Nelson,democratic,178,0.12851985559566786,-0.7140794223826714
38045,Doug Burgum,republican,1748,0.8073903002309469,Marvin Nelson,democratic,368,0.16997690531177828,-0.6374133949191687
38047,Doug Burgum,republican,964,0.8844036697247707,Marvin Nelson,democratic,96,0.08807339449541285,-0.7963302752293578
38049,Doug Burgum,republican,2335,0.8184367332632316,Marvin Nelson,democratic,427,0.1496670171749036,-0.668769716088328
38051,Doug Burgum,republican,1253,0.8588074023303632,Marvin Nelson,democratic,174,0.11925976696367376,-0.7395476353666894
38053,Doug Burgum,republican,3889,0.8465389638659121,Marvin Nelson,democratic,563,0.12255115367871136,-0.7239878101872007
38055,Doug Burgum,republican,4239,0.7983050847457627,Marvin Nelson,democratic,918,0.17288135593220338,-0.6254237288135593
38057,Doug Burgum,republican,3954,0.8551038062283737,Marvin Nelson,democratic,552,0.11937716262975778,-0.7357266435986158
38059,Doug Burgum,republican,12589,0.8062119756644253,Marvin Nelson,democratic,2411,0.15440281780339418,-0.6518091578610311
38061,Doug Burgum,republican,2759,0.6797240699679724,Marvin Nelson,democratic,1125,0.2771618625277162,-0.4025622074402562
38063,Doug Burgum,republican,1185,0.6794724770642202,Marvin Nelson,democratic,500,0.286697247706422,-0.3927752293577982
38065,Doug Burgum,republican,890,0.871694417238002,Marvin Nelson,democratic,105,0.10284035259549461,-0.7688540646425074
38067,Doug Burgum,republican,2556,0.8060548722800378,Marvin Nelson,democratic,513,0.16177861873226113,-0.6442762535477766
38069,Doug Burgum,republican,1641,0.789701636188643,Marvin Nelson,democratic,394,0.18960538979788258,-0.6000962463907604
38071,Doug Burgum,republican,4004,0.7510785968861377,Marvin Nelson,democratic,1111,0.20840367660851622,-0.5426749202776214
38073,Doug Burgum,republican,1722,0.7302798982188295,Marvin Nelson,democratic,546,0.23155216284987276,-0.49872773536895676
38075,Doug Burgum,republican,1076,0.845247446975648,Marvin Nelson,democratic,161,0.12647289866457187,-0.7187745483110761
38077,Doug Burgum,republican,5867,0.7819538851126216,Marvin Nelson,democratic,1332,0.17752898840463815,-0.6044248967079835
38079,Doug Burgum,republican,1240,0.3303143313798615,Marvin Nelson,democratic,2383,0.634789557805008,0.3044752264251465
38081,Doug Burgum,republican,1464,0.7269116186693148,Marvin Nelson,democratic,493,0.24478649453823237,-0.4821251241310824
38083,Doug Burgum,republican,678,0.8625954198473282,Marvin Nelson,democratic,86,0.10941475826972011,-0.7531806615776081
38085,Doug Burgum,republican,438,0.3646960865945046,Marvin Nelson,democratic,684,0.5695253955037469,0.20482930890924234
38087,Doug Burgum,republican,376,0.8785046728971962,Marvin Nelson,democratic,41,0.09579439252336448,-0.7827102803738317
38089,Doug Burgum,republican,10354,0.8591818106381213,Marvin Nelson,democratic,1307,0.10845572981495312,-0.7507260808231682
38091,Doug Burgum,republican,766,0.7444120505344995,Marvin Nelson,democratic,231,0.22448979591836735,-0.5199222546161322
38093,Doug Burgum,republican,7953,0.8046337515176042,Marvin Nelson,democratic,1574,0.1592472683124241,-0.6453864832051801
38095,Doug Burgum,republican,841,0.7181895815542272,Marvin Nelson,democratic,303,0.2587532023911187,-0.4594363791631085
38097,Doug Burgum,republican,2994,0.7600913937547601,Marvin Nelson,democratic,793,0.20132013201320131,-0.5587712617415588
38099,Doug Burgum,republican,3613,0.7716787697565143,Marvin Nelson,democratic,787,0.16809055958991884,-0.6035882101665955
38101,Doug Burgum,republican,21223,0.788080207946528,Marvin Nelson,democratic,4335,0.16097289268473822,-0.6271073152617898
38103,Doug Burgum,republican,1970,0.8266890474192194,Marvin Nelson,democratic,355,0.14897188417960555,-0.677717163239614
38105,Doug Burgum,republican,10419,0.8355252606255013,Marvin Nelson,democratic,1452,0.11643945469125902,-0.7190858059342422
29001,Eric Greitens,republican,5762,0.5649573487596823,Chris Koster,democratic,4145,0.4064123933718992,-0.15854495538778307
29003,Eric Greitens,republican,5771,0.6322304995617879,Chris Koster,democratic,3176,0.3479404031551271,-0.2842900964066608
29005,Eric Greitens,republican,1746,0.6522226372805379,Chris Koster,democratic,842,0.3145311916324244,-0.3376914456481135
29007,Eric Greitens,republican,5831,0.5806034053569651,Chris Koster,democratic,3836,0.3819575823956985,-0.1986458229612666
29009,Eric Greitens,republican,9943,0.6809341186138885,Chris Koster,democratic,4161,0.2849609642514724,-0.39597315436241615
29011,Eric Greitens,republican,4553,0.7718257331751144,Chris Koster,democratic,1203,0.20393286997796237,-0.567892863197152
29013,Eric Greitens,republican,4772,0.5964254468191476,Chris Koster,democratic,2989,0.37357830271216097,-0.22284714410698658
29015,Eric Greitens,republican,6047,0.634123322147651,Chris Koster,democratic,3199,0.33546560402684567,-0.2986577181208053
29017,Eric Greitens,republican,4051,0.7222321269388483,Chris Koster,democratic,1416,0.2524514173649492,-0.4697807095738991
29019,Eric Greitens,republican,34106,0.41281061257095825,Chris Koster,democratic,45396,0.5494619881625292,0.13665137559157098
29021,Eric Greitens,republican,18714,0.5259696458684654,Chris Koster,democratic,15628,0.4392355255761664,-0.08673412029229899
29023,Eric Greitens,republican,12598,0.7378038067349927,Chris Koster,democratic,4039,0.23654465592972182,-0.5012591508052708
29025,Eric Greitens,republican,2726,0.6310185185185185,Chris Koster,democratic,1443,0.33402777777777776,-0.2969907407407408
29027,Eric Greitens,republican,11149,0.579530096683647,Chris Koster,democratic,7340,0.3815365422601102,-0.19799355442353678
29029,Eric Greitens,republican,15050,0.6708567353124721,Chris Koster,democratic,6686,0.29802977623250426,-0.3728269590799679
29031,Eric Greitens,republican,24209,0.6569784797416484,Chris Koster,democratic,11539,0.3131428261282531,-0.34383565361339524
29033,Eric Greitens,republican,2837,0.6530847145488029,Chris Koster,democratic,1392,0.32044198895027626,-0.33264272559852665
29035,Eric Greitens,republican,2051,0.7306733167082294,Chris Koster,democratic,651,0.23192019950124687,-0.49875311720698257
29037,Eric Greitens,republican,28571,0.5605234246252845,Chris Koster,democratic,20713,0.4063603547045437,-0.1541630699207408
29039,Eric Greitens,republican,4415,0.702577975811585,Chris Koster,democratic,1667,0.26527689369828134,-0.43730108211330365
29041,Eric Greitens,republican,2364,0.5960665658093798,Chris Koster,democratic,1523,0.38401412002017143,-0.21205244578920834
29043,Eric Greitens,republican,28618,0.6896568343936765,Chris Koster,democratic,11593,0.279376325428957,-0.4102805089647195
29045,Eric Greitens,republican,2053,0.6234436683874887,Chris Koster,democratic,1144,0.3474035833586395,-0.27604008502884914
29047,Eric Greitens,republican,53883,0.4897386024867302,Chris Koster,democratic,52429,0.4765233040063986,-0.013215298480331594
29049,Eric Greitens,republican,6030,0.5897310513447432,Chris Koster,democratic,3861,0.3776039119804401,-0.21212713936430316
29051,Eric Greitens,republican,20872,0.5557715350818799,Chris Koster,democratic,15806,0.42087604846225535,-0.13489548661962458
29053,Eric Greitens,republican,4958,0.618899013855948,Chris Koster,democratic,2838,0.35426288852827365,-0.2646361253276744
29055,Eric Greitens,republican,5899,0.5972461273666093,Chris Koster,democratic,2892,0.2928014579325706,-0.3044446694340387
29057,Eric Greitens,republican,2720,0.6893056259503294,Chris Koster,democratic,1112,0.2818043588443994,-0.40750126710593
29059,Eric Greitens,republican,4943,0.6667116266522795,Chris Koster,democratic,2211,0.29821958456973297,-0.3684920420825465
29061,Eric Greitens,republican,2300,0.6164567140176896,Chris Koster,democratic,1301,0.3487000804073975,-0.26775663361029217
29063,Eric Greitens,republican,3061,0.6663038746190684,Chris Koster,democratic,1413,0.30757509795385285,-0.3587287766652155
29065,Eric Greitens,republican,4967,0.730548610089719,Chris Koster,democratic,1635,0.24047654066774526,-0.4900720694219738
29067,Eric Greitens,republican,4818,0.7234234234234235,Chris Koster,democratic,1607,0.2412912912912913,-0.4821321321321322
29069,Eric Greitens,republican,7253,0.6943992340832934,Chris Koster,democratic,3014,0.2885591191957875,-0.40584011488750593
29071,Eric Greitens,republican,28069,0.5599130278669885,Chris Koster,democratic,18756,0.3741397538449263,-0.18577327402206217
29073,Eric Greitens,republican,4681,0.6304377104377105,Chris Koster,democratic,2402,0.3235016835016835,-0.30693602693602695
29075,Eric Greitens,republican,1940,0.6406869220607662,Chris Koster,democratic,1010,0.333553500660502,-0.3071334214002642
29077,Eric Greitens,republican,73601,0.567720586533789,Chris Koster,democratic,51201,0.39493840778136885,-0.17278217875242013
29079,Eric Greitens,republican,3046,0.6858815582076109,Chris Koster,democratic,1269,0.28574645350146366,-0.4001351047061472
29081,Eric Greitens,republican,2473,0.6749454148471615,Chris Koster,democratic,1081,0.29503275109170307,-0.37991266375545846
29083,Eric Greitens,republican,5852,0.5940513653436199,Chris Koster,democratic,3695,0.3750888234696985,-0.2189625418739214
29085,Eric Greitens,republican,2936,0.6229577763632506,Chris Koster,democratic,1608,0.3411839592616168,-0.28177381710163374
29087,Eric Greitens,republican,1515,0.646606914212548,Chris Koster,democratic,753,0.3213828425096031,-0.32522407170294493
29089,Eric Greitens,republican,2727,0.5647131911368813,Chris Koster,democratic,1944,0.40256781942431147,-0.16214537171256987
29091,Eric Greitens,republican,12266,0.7064854279460892,Chris Koster,democratic,4459,0.256825250547172,-0.44966017739891717
29093,Eric Greitens,republican,2600,0.6076186024772143,Chris Koster,democratic,1497,0.3498480953493807,-0.2577705071278336
29095,Eric Greitens,republican,83918,0.4861176279767594,Chris Koster,democratic,82240,0.4763973608142317,-0.009720267162527718
29097,Eric Greitens,republican,33436,0.6910834607912033,Chris Koster,democratic,13236,0.27357281633665415,-0.41751064445454916
29099,Eric Greitens,republican,56755,0.5362491378251462,Chris Koster,democratic,45234,0.42739306669690186,-0.1088560711282443
29101,Eric Greitens,republican,12040,0.5687830687830688,Chris Koster,democratic,8335,0.39375472411186696,-0.17502834467120187
29103,Eric Greitens,republican,1125,0.6161007667031764,Chris Koster,democratic,672,0.36801752464403065,-0.24808324205914573
29105,Eric Greitens,republican,11362,0.709592805395953,Chris Koster,democratic,4122,0.2574319260554584,-0.45216087934049465
29107,Eric Greitens,republican,9167,0.5784691108727203,Chris Koster,democratic,6097,0.38474159146841674,-0.1937275194043036
29109,Eric Greitens,republican,11565,0.693386893698663,Chris Koster,democratic,4482,0.26872114635169975,-0.4246657473469633
29111,Eric Greitens,republican,2815,0.635296772737531,Chris Koster,democratic,1491,0.33649289099526064,-0.2988038817422704
29113,Eric Greitens,republican,14536,0.5856095399242608,Chris Koster,democratic,9352,0.3767625493513818,-0.20884699057287898
29115,Eric Greitens,republican,3414,0.6138079827400216,Chris Koster,democratic,1986,0.35706580366774543,-0.25674217907227614
29117,Eric Greitens,republican,4189,0.6609340485957715,Chris Koster,democratic,1992,0.3142947301988009,-0.34663931839697065
29121,Eric Greitens,republican,5065,0.6696192490745637,Chris Koster,democratic,2315,0.30605499735589636,-0.36356425171866735
29123,Eric Greitens,republican,3405,0.6416054267947994,Chris Koster,democratic,1707,0.32165065008479365,-0.3199547767100057
29125,Eric Greitens,republican,2827,0.6266903125692751,Chris Koster,democratic,1510,0.3347373088007094,-0.2919530037685657
29127,Eric Greitens,republican,8484,0.6583889492472451,Chris Koster,democratic,4105,0.31856278131305293,-0.3398261679341922
29119,Eric Greitens,republican,5915,0.7254998160186434,Chris Koster,democratic,1853,0.2272783024653502,-0.49822151355329325
29129,Eric Greitens,republican,1224,0.7157894736842105,Chris Koster,democratic,455,0.26608187134502925,-0.4497076023391813
29131,Eric Greitens,republican,7924,0.6964929243209985,Chris Koster,democratic,3114,0.2737101169025226,-0.4227828074184759
29133,Eric Greitens,republican,3004,0.5908733280881195,Chris Koster,democratic,1943,0.38217938630999215,-0.2086939417781274
29135,Eric Greitens,republican,4351,0.6406065959952886,Chris Koster,democratic,2256,0.3321554770318021,-0.3084511189634865
29137,Eric Greitens,republican,2659,0.644449830344159,Chris Koster,democratic,1367,0.3313136209403781,-0.31313620940378095
29139,Eric Greitens,republican,3261,0.603107083410394,Chris Koster,democratic,1956,0.3617532827815794,-0.24135380062881456
29141,Eric Greitens,republican,5820,0.6635503363356515,Chris Koster,democratic,2689,0.306578497320716,-0.3569718390149355
29143,Eric Greitens,republican,4392,0.6028826355525051,Chris Koster,democratic,2754,0.3780370624571036,-0.22484557309540149
29145,Eric Greitens,republican,19123,0.7191801429108687,Chris Koster,democratic,6607,0.2484768710041369,-0.47070327190673183
29147,Eric Greitens,republican,5790,0.6151067672368001,Chris Koster,democratic,3370,0.35801551046425156,-0.25709125677254857
29149,Eric Greitens,republican,3081,0.6681847755367599,Chris Koster,democratic,1385,0.30036868358273694,-0.367816091954023
29151,Eric Greitens,republican,4579,0.646386222473179,Chris Koster,democratic,2321,0.327639751552795,-0.318746470920384
29153,Eric Greitens,republican,3078,0.6865937987954495,Chris Koster,democratic,1228,0.27392371180013386,-0.4126700869953156
29155,Eric Greitens,republican,3534,0.6013272077590608,Chris Koster,democratic,2209,0.37587204355963927,-0.22545516419942152
29157,Eric Greitens,republican,5725,0.6643072638663263,Chris Koster,democratic,2664,0.30912044557902063,-0.3551868182873057
29159,Eric Greitens,republican,11150,0.6195477023948436,Chris Koster,democratic,6281,0.34900261154636886,-0.2705450908484747
29161,Eric Greitens,republican,11633,0.6250940354648039,Chris Koster,democratic,6168,0.33143471252015044,-0.29365932294465347
29163,Eric Greitens,republican,4389,0.5944737911418123,Chris Koster,democratic,2755,0.3731545442232155,-0.22131924691859683
29165,Eric Greitens,republican,24738,0.5019886363636363,Chris Koster,democratic,22973,0.4661728896103896,-0.035815746753246724
29167,Eric Greitens,republican,9251,0.6692469073283658,Chris Koster,democratic,4168,0.30152644143818275,-0.36772046589018303
29169,Eric Greitens,republican,9060,0.6751117734724292,Chris Koster,democratic,3862,0.287779433681073,-0.38733233979135623
29171,Eric Greitens,republican,1691,0.7384279475982533,Chris Koster,democratic,547,0.2388646288209607,-0.49956331877729254
29173,Eric Greitens,republican,3371,0.6446739338305604,Chris Koster,democratic,1763,0.33715815643526487,-0.3075157773952955
29175,Eric Greitens,republican,6505,0.6276534156696256,Chris Koster,democratic,3561,0.34359320725588577,-0.28406020841373986
29177,Eric Greitens,republican,5686,0.5251200591060214,Chris Koster,democratic,4719,0.43581455485777615,-0.0893055042482453
29179,Eric Greitens,republican,1969,0.662962962962963,Chris Koster,democratic,879,0.295959595959596,-0.367003367003367
29181,Eric Greitens,republican,3959,0.7316577342450563,Chris Koster,democratic,1311,0.2422842358159305,-0.4893734984291258
29195,Eric Greitens,republican,4901,0.5300670560242267,Chris Koster,democratic,4004,0.4330521306510924,-0.09701492537313428
29197,Eric Greitens,republican,1259,0.6629805160610848,Chris Koster,democratic,594,0.3127962085308057,-0.35018430753027907
29199,Eric Greitens,republican,1273,0.6531554643406875,Chris Koster,democratic,610,0.31298101590559263,-0.34017444843509487
29201,Eric Greitens,republican,11323,0.6598100343802809,Chris Koster,democratic,5412,0.31536623739875297,-0.3444437969815279
29203,Eric Greitens,republican,2365,0.6134889753566797,Chris Koster,democratic,1322,0.3429312581063554,-0.2705577172503243
29205,Eric Greitens,republican,2143,0.6612156741746374,Chris Koster,democratic,1037,0.31996297439062016,-0.3412526997840173
29183,Eric Greitens,republican,109741,0.5452129113031037,Chris Koster,democratic,85704,0.4257927971343545,-0.1194201141687492
29185,Eric Greitens,republican,2927,0.6286512027491409,Chris Koster,democratic,1560,0.33505154639175255,-0.29359965635738833
29187,Eric Greitens,republican,14433,0.585089995135398,Chris Koster,democratic,9424,0.3820334035998054,-0.20305659153559263
29189,Eric Greitens,republican,199827,0.38782231676027745,Chris Koster,democratic,301115,0.5844010915005027,0.19657877474022523
29510,Eric Greitens,republican,21385,0.16335775233177247,Chris Koster,democratic,105242,0.8039325027309047,0.6405747503991321
29186,Eric Greitens,republican,4242,0.5030834914611005,Chris Koster,democratic,3969,0.4707068311195446,-0.03237666034155595
29207,Eric Greitens,republican,9792,0.7384615384615385,Chris Koster,democratic,3179,0.23974358974358975,-0.4987179487179487
29209,Eric Greitens,republican,11920,0.7228185070644594,Chris Koster,democratic,4135,0.250742829422109,-0.47207567764235037
29211,Eric Greitens,republican,1642,0.6620967741935484,Chris Koster,democratic,787,0.31733870967741934,-0.34475806451612906
29213,Eric Greitens,republican,16579,0.7102951887237051,Chris Koster,democratic,5992,0.25671565057195495,-0.4535795381517502
29215,Eric Greitens,republican,7659,0.6985589201021525,Chris Koster,democratic,2918,0.26614374315943085,-0.43241517694272164
29217,Eric Greitens,republican,5699,0.6667056621431914,Chris Koster,democratic,2621,0.306621431913898,-0.36008423022929337
29219,Eric Greitens,republican,9056,0.575751796045521,Chris Koster,democratic,6055,0.38495772140631956,-0.1907940746392014
29221,Eric Greitens,republican,5681,0.6133664435327143,Chris Koster,democratic,3141,0.3391276182250054,-0.2742388253077089
29223,Eric Greitens,republican,4098,0.7203374934083319,Chris Koster,democratic,1425,0.2504833889963087,-0.4698541044120232
29225,Eric Greitens,republican,11149,0.6652147971360381,Chris Koster,democratic,5039,0.30065632458233893,-0.3645584725536992
29227,Eric Greitens,republican,714,0.6878612716763006,Chris Koster,democratic,293,0.28227360308285165,-0.40558766859344897
29229,Eric Greitens,republican,5993,0.7393288921786331,Chris Koster,democratic,1897,0.23402417962003455,-0.5053047125585985
29380,Eric Greitens,republican,25284,0.197410952700698,Chris Koster,democratic,98336,0.7677821327628477,0.5703711800621497
41001,Kate Brown,democratic,2047,0.23553100908986307,Bud Pierce,republican,6069,0.6983085950983776,-0.46277758600851454
41003,Kate Brown,democratic,28043,0.5927750063414222,Bud Pierce,republican,16543,0.34968715650629917,0.24308784983512305
41005,Kate Brown,democratic,96735,0.4636299587341299,Bud Pierce,republican,100882,0.4835056339175737,-0.019875675183443797
41007,Kate Brown,democratic,9667,0.5035420356287114,Bud Pierce,republican,8425,0.4388477966454839,0.06469423898322746
41009,Kate Brown,democratic,11020,0.4239602970030393,Bud Pierce,republican,12925,0.4972492594159966,-0.07328896241295735
41011,Kate Brown,democratic,11500,0.3743611445685081,Bud Pierce,republican,16889,0.5497900322276116,-0.17542888765910347
41013,Kate Brown,democratic,2990,0.24833887043189368,Bud Pierce,republican,8232,0.6837209302325581,-0.4353820598006644
41015,Kate Brown,democratic,4947,0.40380377112072485,Bud Pierce,republican,6410,0.5232225940739531,-0.11941882295322825
41017,Kate Brown,democratic,42298,0.4406959783288185,Bud Pierce,republican,47824,0.4982704730152115,-0.057574494686392974
41019,Kate Brown,democratic,15878,0.3016165492088217,Bud Pierce,republican,32647,0.6201584256216401,-0.31854187641281845
41021,Kate Brown,democratic,277,0.2697176241480039,Bud Pierce,republican,694,0.6757546251217137,-0.4060370009737098
41023,Kate Brown,democratic,904,0.2116600327792086,Bud Pierce,republican,3093,0.7241863732147038,-0.5125263404354952
41025,Kate Brown,democratic,886,0.22464503042596348,Bud Pierce,republican,2770,0.7023326572008114,-0.4776876267748479
41027,Kate Brown,democratic,6441,0.6031463620189156,Bud Pierce,republican,3672,0.3438524206386366,0.259293941380279
41029,Kate Brown,democratic,46803,0.44165023166278206,Bud Pierce,republican,52259,0.4931350438319195,-0.05148481216913742
41031,Kate Brown,democratic,3169,0.3409726705401334,Bud Pierce,republican,5484,0.5900581020012912,-0.24908543146115775
41033,Kate Brown,democratic,15139,0.3488570375149783,Bud Pierce,republican,24078,0.554843764402249,-0.2059867268872707
41035,Kate Brown,democratic,8420,0.28093824029895564,Bud Pierce,republican,19211,0.6409862867438524,-0.36004804644489674
41037,Kate Brown,democratic,762,0.19740932642487047,Bud Pierce,republican,2794,0.7238341968911917,-0.5264248704663212
41039,Kate Brown,democratic,103226,0.5530428446673203,Bud Pierce,republican,72208,0.3868610401230103,0.16618180454431003
41041,Kate Brown,democratic,13207,0.5311909262759924,Bud Pierce,republican,10084,0.405582592607489,0.12560833366850338
41043,Kate Brown,democratic,19156,0.3325752183197625,Bud Pierce,republican,34539,0.5996458271844998,-0.26707060886473727
41045,Kate Brown,democratic,2436,0.2385195339273475,Bud Pierce,republican,6966,0.6820718691863311,-0.44355233525898363
41047,Kate Brown,democratic,55748,0.413229756574851,Bud Pierce,republican,72752,0.5392712070448009,-0.1260414504699499
41049,Kate Brown,democratic,1152,0.27893462469733654,Bud Pierce,republican,2682,0.6493946731234866,-0.3704600484261501
41051,Kate Brown,democratic,279210,0.7291182476719712,Bud Pierce,republican,84139,0.21971734622997738,0.5094009014419938
41053,Kate Brown,democratic,15960,0.4013680716225732,Bud Pierce,republican,21847,0.5494165576903732,-0.14804848606780002
41055,Kate Brown,democratic,234,0.23564954682779457,Bud Pierce,republican,721,0.7260825780463243,-0.49043303121852966
41057,Kate Brown,democratic,6052,0.45029761904761906,Bud Pierce,republican,6599,0.4909970238095238,-0.040699404761904756
41059,Kate Brown,democratic,8541,0.31820722029730636,Bud Pierce,republican,16269,0.6061249580865095,-0.2879177377892031
41061,Kate Brown,democratic,3410,0.2960069444444444,Bud Pierce,republican,7324,0.6357638888888889,-0.3397569444444445
41063,Kate Brown,democratic,1253,0.2906518209232197,Bud Pierce,republican,2837,0.6580839712363721,-0.3674321503131524
41065,Kate Brown,democratic,5057,0.43244398837010434,Bud Pierce,republican,5874,0.5023088763468445,-0.06986488797674018
41067,Kate Brown,democratic,143278,0.54991229989215,Bud Pierce,republican,102282,0.392566408363942,0.15734589152820794
41069,Kate Brown,democratic,194,0.23658536585365852,Bud Pierce,republican,575,0.7012195121951219,-0.4646341463414634
41071,Kate Brown,democratic,18882,0.3967973773799017,Bud Pierce,republican,25773,0.5416088765603329,-0.14481149918043118
