GEOID,NAME,id,winner_name,winner_party,winner_votes,winner_margin,second_name,second_party,second_votes,second_margin,dem_margin
0802,CO-02,45,Jared Polis,democratic,260175,0.5689223112448394,Nicholas Morse,republican,170001,0.37173964383178226,0.19718266741305712
0803,CO-03,43,Scott R. Tipton,republican,204220,0.5459887658172855,Gail Schwartz,democratic,150914,0.40347345316105093,-0.14251531265623457
0807,CO-07,42,Ed Perlmutter,democratic,199758,0.5518024363967846,George Athanasopoulos,republican,144066,0.3979613822822574,0.1538410541145272
0804,CO-04,40,Ken Buck,republican,248230,0.6354525324151702,Bob Seay,democratic,123642,0.31651541720531956,-0.31893711520985063
0801,CO-01,44,Diana DeGette,democratic,257254,0.6787059804345761,"Charles """"Casper"""" Stockham",republican,105030,0.27709768992918876,0.4016082905053873
0805,CO-05,46,Doug Lamborn,republican,225445,0.6225801819316569,Misty Plowright,democratic,111676,0.3084001170901981,-0.3141800648414588
0806,CO-06,41,Mike Coffman,republican,191626,0.5090790267177093,Morgan Carroll,democratic,160372,0.4260487703796587,-0.08303025633805061
1207,FL-07,165,Stephanie Murphy,democratic,182029,0.5138868499802383,John Mica,republican,171576,0.48437694088419625,0.02950990909604201
1215,FL-15,158,Dennis A. Ross,republican,182999,0.5746120562432098,Jim Lange,democratic,135475,0.4253879437567902,-0.1492241124864196
1211,FL-11,151,Daniel Webster,republican,258016,0.6536700792209141,Dave Koller,democratic,124713,0.31595388111542644,-0.3377161981054877
1219,FL-19,152,Francis Rooney,republican,239225,0.6585140938119357,Robert M. Neeld,democratic,123812,0.34081700066064746,-0.31769709315128825
1205,FL-05,144,Al Lawson,democratic,194549,0.6423430205299894,Glo Smith,republican,108325,0.3576569794700106,0.28468604105997874
1216,FL-16,160,Vern Buchanan,republican,230654,0.5976792877206438,Jan Schneider,democratic,155262,0.4023207122793561,-0.1953585754412877
1225,FL-25,153,Mario Diaz-Balart,republican,157921,0.6236021165692623,Alina Valdes,democratic,95319,0.37639788343073766,-0.2472042331385247
1218,FL-18,161,Brian Mast,republican,201488,0.5355305124388688,Randy Perkins,democratic,161918,0.430358281947693,-0.10517223049117586
1203,FL-03,143,Ted Yoho,republican,193843,0.5656346658885323,"Kenneth """"Ken"""" McGurn",democratic,136338,0.39783484096877736,-0.16779982491975493
1222,FL-22,147,Ted Deutch,democratic,199113,0.5893532632825218,Andrea Leigh McGee,republican,138737,0.41064673671747814,0.17870652656504366
1202,FL-02,145,Neal Dunn,republican,231163,0.6722473289013744,Walter Dartland,democratic,102801,0.298956570291916,-0.3732907586094584
1227,FL-27,162,Ileana Ros-Lehtinen,republican,157917,0.5489385665173093,Scott Fuhrman,democratic,129760,0.4510614334826907,-0.09787713303461865
1213,FL-13,168,Charlie Crist,democratic,184693,0.5190309182165118,David W. Jolly,republican,171149,0.4809690817834882,0.03806183643302363
1204,FL-04,154,John Rutherford,republican,287509,0.7007253193988818,David E. Bruderly,democratic,113088,0.2756213715750837,-0.4251039478237981
1226,FL-26,163,Carlos Curbelo,republican,148547,0.5295000392098153,Joe Garcia,democratic,115493,0.4116781088036729,-0.11782193040614236
1223,FL-23,149,Debbie Wasserman Schultz,democratic,183225,0.5670493934142115,"Joseph """"Joe"""" Kaufman",republican,130818,0.4048588759593959,0.16219051745481555
1209,FL-09,166,Darren Soto,democratic,195311,0.574848202118548,Wayne Liebnitzky,republican,144450,0.42515179788145196,0.14969640423709607
1217,FL-17,150,Tom Rooney,republican,209348,0.6181383332103049,April Freeman,democratic,115974,0.3424344873403706,-0.2757038458699343
1220,FL-20,148,Alcee L. Hastings,democratic,222914,0.8031200461161551,Gary Jill Stein,republican,54646,0.19687995388384494,0.6062400922323101
1212,FL-12,159,Gus Michael Bilirakis,republican,253559,0.685908204366609,Robert Matthew Tager,democratic,116110,0.31409179563339096,-0.3718164087332181
1210,FL-10,164,Val Demings,democratic,198491,0.6486867174963806,Thuy Lowe,republican,107498,0.35131328250361943,0.2973734349927612
1214,FL-14,157,Kathy Castor,democratic,195789,0.6178706564376714,Christine Quinn,republican,121088,0.3821293435623286,0.23574131287534278
1201,FL-01,155,Matt Gaetz,republican,255107,0.690998575243915,Steven Specht,democratic,114079,0.309001424756085,-0.38199715048782995
1206,FL-06,156,Ron Desantis,republican,213519,0.5856735332035,William (Bill) McCullough,democratic,151051,0.4143264667965,-0.17134706640700004
1208,FL-08,146,Bill Posey,republican,246483,0.6310998794042416,Corry Westbrook,democratic,127127,0.3254984496659933,-0.30560142973824833
1221,FL-21,167,Lois Frankel,democratic,210606,0.6270629814119532,Paul Spain,republican,118038,0.35144896251723184,0.2756140188947213
4203,PA-03,384,GEORGE J KELLY,republican,244893,1.0,UNOPPOSED,N/A,0,0.0,-1
4210,PA-10,390,THOMAS A MARINO,republican,211282,0.7016887796615798,MICHAEL M MOLESEVICH,democratic,89823,0.29831122033842017,-0.40337755932315966
4201,PA-01,395,ROBERT A BRADY,democratic,245791,0.8220159860874219,DEBORAH L WILLIAMS,republican,53219,0.17798401391257818,0.6440319721748438
4213,PA-13,396,BRENDAN F BOYLE,democratic,239316,1.0,UNOPPOSED,N/A,0,0.0,1
4212,PA-12,381,KEITH JAMES ROTHFUS,republican,221851,0.6176184006859612,ERIN R MCCLELLAND,democratic,137353,0.3823815993140388,-0.23523680137192238
4208,PA-08,391,BRIAN K FITZPATRICK,republican,207263,0.5442573617843695,STEVEN J SANTARSIERO,democratic,173555,0.45574263821563055,-0.0885147235687389
4207,PA-07,389,PATRICK L MEEHAN,republican,225678,0.5946688027994582,MARY ELLEN BALCHUNIS,democratic,153824,0.4053311972005418,-0.18933760559891644
4202,PA-02,397,DWIGHT EVANS,democratic,322514,0.9017713095387885,JAMES A JONES,republican,35131,0.09822869046121153,0.803542619077577
4216,PA-16,388,LLOYD K SMUCKER,republican,168669,0.537551032115574,CHRISTINA M HARTMAN,democratic,134586,0.42892791922823187,-0.10862311288734211
4217,PA-17,394,MATTHEW ALTON CARTWRIGHT,democratic,157734,0.5380401413543273,MATTHEW CONNOLLY,republican,135430,0.46195985864567274,0.07608028270865458
4218,PA-18,383,TIMOTHY F MURPHY,republican,293684,1.0,UNOPPOSED,N/A,0,0.0,-1
4211,PA-11,393,LOU BARLETTA,republican,199421,0.636678255927923,MICHAEL PAUL MARSICANO,democratic,113800,0.3633217440720769,-0.27335651185584614
4206,PA-06,387,RYAN A COSTELLO,republican,207469,0.5723772239832924,MICHAEL D PARRISH,democratic,155000,0.4276227760167076,-0.14475444796658476
4205,PA-05,392,GLENN WILLIAM THOMPSON,republican,206760,0.6716432455610346,KERITH STRANO TAYLOR,democratic,101082,0.32835675443896545,-0.34328649112206916
4215,PA-15,386,CHARLES W DENT,republican,190618,0.5838706416763407,RICHARD D DAUGHERTY,democratic,124128,0.38020908314010654,-0.2036615585362342
4209,PA-09,385,WILLIAM F SHUSTER,republican,186580,0.6334085855413916,ART HALVORSON,democratic,107985,0.36659141445860843,-0.26681717108278313
4204,PA-04,380,SCOTT PERRY,republican,220628,0.660562874251497,JOSHUA T BURKHOLDER,democratic,113372,0.339437125748503,-0.32112574850299397
4214,PA-14,382,MICHAEL F DOYLE,democratic,255293,0.7436613728254664,LEONARD FRANCIS MCALLISTER,republican,87999,0.25633862717453365,0.48732274565093275
5508,WI-08,484,Mike Gallagher,republican,227892,0.6264555500577272,Tom Nelson,democratic,135682,0.37297817362141955,-0.2534773764363077
5506,WI-06,485,Glenn Grothman,republican,204147,0.5715473580769521,Sarah Lloyd,democratic,133072,0.37255972428699013,-0.19898763378996198
5507,WI-07,483,Sean Duffy,republican,223418,0.6167151110632648,Mary Hoeft,democratic,138643,0.3827052123962448,-0.23400989866702004
5501,WI-01,488,Paul Ryan,republican,230072,0.64947141102909,Ryan Solen,democratic,107003,0.30205930923513385,-0.34741210179395615
5502,WI-02,486,Mark Pocan,democratic,273537,0.6871753002059992,Peter Theron,republican,124044,0.3116213636135256,0.37555393659247355
5504,WI-04,489,Gwen S. Moore,democratic,220181,0.7674245143930654,Robert R. Raymond,independent,33494,0.11674084814348801,1
5503,WI-03,482,Ron Kind,democratic,257401,0.9885969965817875,UNOPPOSED,N/A,0,0.0,1
5505,WI-05,487,"F. James Sensenbrenner, Jr.",republican,260706,0.6670333943977649,Khary Penebaker,democratic,114477,0.2928969102762227,-0.37413648412154216
3302,NH-02,297,Ann McLane Kuster,democratic,174371,0.4978159830074913,Jim Lawrence,republican,158825,0.4534333318107071,0.044382651196784195
3301,NH-01,298,Carol Shea-Porter,democratic,162080,0.4433551436636978,Frank Guinta,republican,157176,0.4299406963257982,0.013414447337899649
5110,VA-10,467,BARBARA JEAN COMSTOCK,republican,210791,0.5268234041542849,LuAnn L. Bennett,democratic,187712,0.4691427757380966,-0.05768062841618826
5103,VA-03,466,ROBERT CORTEZ SCOTT,democratic,208337,0.6669537184949947,Martin L Williams,republican,103289,0.33066129698339475,0.3362924215116
5109,VA-09,461,HOWARD MORGAN GRIFFITH,republican,212838,0.6858507316475847,DEREK W KITTS,democratic,87877,0.28317548908087276,-0.40267524256671194
5107,VA-07,462,DAVID A BRAT,republican,218057,0.5750311833316193,EILEEN MCNEIL BEDELL,democratic,160159,0.4223502079328286,-0.15268097539879066
5104,VA-04,465,A. Donald McEachin,democratic,200136,0.5772615438752348,Michael L. Wade,republican,145731,0.42033867995004315,0.1569228639251916
5101,VA-01,464,ROBERT JOSEPH WITTMAN,republican,230213,0.5984921553080033,MATTHEW DEW ROWE,democratic,140785,0.366003301659929,-0.23248885364807426
5108,VA-08,460,DONALD STERNOFF BEYER Jr.,democratic,246653,0.6838422233127338,CHARLES ALAN HERNICK,republican,98387,0.27277667340380995,0.41106554990892386
5105,VA-05,459,Tom A. Garrett Jr.,republican,207758,0.5823385141479686,Jane D. Dittmar,democratic,148339,0.41578910487295556,-0.166549409275013
5102,VA-02,458,SCOTT WILLIAM TAYLOR,republican,190475,0.613169585372135,Shaun D. Brown,democratic,119440,0.3844965233067216,-0.22867306206541332
5106,VA-06,463,ROBERT WILLIAM GOODLATTE,republican,225471,0.6661752192308601,Kai Degner,democratic,112170,0.33141678682014797,-0.3347584324107121
5111,VA-11,468,GERALD EDWARD CONNOLLY,democratic,247818,0.8777849405997408,UNOPPOSED,N/A,0,0.0,1
1904,IA-04,218,Steve King,republican,226719,0.6123254262556751,Kim Weaver,democratic,142993,0.3861972295069127,-0.2261281967487624
1903,IA-03,215,David Young,republican,208598,0.5344733490995088,Jim Mowrer,democratic,155002,0.3971487648832782,-0.13732458421623062
1901,IA-01,216,Rod Blum,republican,206903,0.5374424965647299,Monica Vernon,democratic,177403,0.46081454216745416,-0.07662795439727571
1902,IA-02,217,Dave Loebsack,democratic,198571,0.5366319669650192,Christopher Peters,republican,170933,0.4619411294158343,0.07469083754918493
3203,NV-03,295,"Rosen, Jacky",democratic,146843,0.4723052231053016,"Tarkanian, Danny",republican,142900,0.45962297407263264,0.012682249032668957
3201,NV-01,294,"Titus, Dina",democratic,116530,0.6187181760742483,"Perry, Mary",republican,54171,0.28762191981565355,0.33109625625859473
3202,NV-02,293,"Amodei, Mark E.",republican,182546,0.5829495883656616,"EVANS, H.D. CHIP",democratic,115665,0.3693691679812992,-0.21358042038436237
3204,NV-04,296,"KIHUEN, RUBEN",democratic,128960,0.4853356817317933,"Hardy, Cresent",republican,118230,0.4449537659053189,0.040381915826474435
2611,MI-11,265,"TROTT, DAVID A.",republican,200872,0.5293237203811452,"KUMAR, ANIL",democratic,152461,0.4017544691795261,-0.12756925120161905
2604,MI-04,261,"MOOLENAAR, JOHN",republican,194572,0.6162197427719944,"WIRTH, DEBRA",democratic,101277,0.32074957799025183,-0.2954701647817426
2612,MI-12,267,"DINGELL, DEBBIE",democratic,211378,0.6433819724723171,"JONES, JEFF",republican,96104,0.2925166340985323,0.3508653383737848
2614,MI-14,266,"LAWRENCE, BRENDA L.",democratic,244135,0.7850656324966074,"KLAUSNER, HOWARD",republican,58103,0.1868419867898924,0.598223645706715
2603,MI-03,259,"AMASH, JUSTIN",republican,203545,0.5945263096402962,"SMITH, DOUGLAS",democratic,128400,0.37503833627853317,-0.219487973361763
2609,MI-09,264,"LEVIN, SANDER",democratic,199661,0.5791052135450656,"MORSE, CHRISTOPHER R.",republican,128937,0.37397433108549055,0.20513088245957506
2606,MI-06,256,"UPTON, FRED",republican,192725,0.5861751180106088,"CLEMENTS, PAUL",democratic,119766,0.36426955082972406,-0.22190556718088478
2608,MI-08,263,"BISHOP, MIKE",republican,205629,0.5603458612195069,"SHKRELI, SUZANNA",democratic,143791,0.39183525539011577,-0.16851060582939115
2610,MI-10,262,"MITCHELL, PAUL",republican,215132,0.6309170838428896,"ACCAVITTI, JR., FRANK",democratic,110112,0.32292518981884727,-0.3079918940240423
2605,MI-05,258,"KILDEE, DANIEL T.",democratic,195279,0.6116019555828383,"HARDWICK, AL",republican,112102,0.35109664851185907,0.2605053070709792
2607,MI-07,260,"WALBERG, TIM",republican,184321,0.5505291108011481,"DRISKELL, GRETCHEN D.",democratic,134010,0.4002604485569298,-0.15026866224421825
2613,MI-13,268,"CONYERS, JR., JOHN",democratic,198771,0.7710369011276315,"GORMAN, JEFF",republican,40541,0.1572593940193253,0.6137775071083061
2601,MI-01,255,"BERGMAN, JACK",republican,197777,0.5489673051674989,"JOHNSON, LON",democratic,144334,0.40062619528077476,-0.14834110988672417
2602,MI-02,257,"HUIZENGA, BILL",republican,212508,0.6262613164843456,"MURPHY, DENNIS B.",democratic,110391,0.32532240192380235,-0.3009389145605432
3913,OH-13,361,Tim Ryan,democratic,208610,0.6772963987480682,Richard A. Morckel,republican,99377,0.3226484071635433,0.3546479915845249
3914,OH-14,355,David P. Joyce,republican,219191,0.6257790441061013,Michael Wager,democratic,130907,0.37373275967898956,-0.25204628442711174
3903,OH-03,368,Joyce Beatty,democratic,199791,0.6857398807623794,John Adams,republican,91560,0.3142601192376206,0.37147976152475876
3916,OH-16,367,Jim Renacci,republican,225794,0.6532937527486518,Keith Mundy,democratic,119830,0.3467062472513483,-0.30658750549730346
3905,OH-05,359,Bob Latta,republican,244599,0.7090011043766359,James Neu Jr.,democratic,100392,0.29099889562336406,-0.4180022087532718
3907,OH-07,358,Bob Gibbs,republican,198221,0.6403459181464887,Roy Rich,democratic,89638,0.2895723834044574,-0.35077353474203127
3909,OH-09,364,Marcy Kaptur,democratic,193966,0.6868533063265321,Donald P. Larson,republican,88427,0.31312898816563856,0.3737243181608935
3912,OH-12,365,Pat Tiberi,republican,251266,0.6655453548554567,Ed Albertson,democratic,112638,0.2983519365143272,-0.36719341834112956
3910,OH-10,362,Mike Turner,republican,215724,0.640887457590864,Robert Klepinger,democratic,109981,0.3267389973915782,-0.3141484601992858
3908,OH-08,363,Warren Davidson,republican,223833,0.6876463106670845,Steven Fought,democratic,87794,0.2697154583940081,-0.41793085227307636
3906,OH-06,357,Bill Johnson,republican,213975,0.706759591088504,Michael L. Lorentz,democratic,88780,0.2932404089114961,-0.41351918217700784
3911,OH-11,356,Marcia L. Fudge,democratic,242917,0.8025379436115314,Beverly A. Goldstein,republican,59769,0.1974620563884686,0.6050758872230628
3901,OH-01,369,Steve Chabot,republican,210014,0.5919422302896378,Michele Young,democratic,144644,0.40769135370982107,-0.1842508765798167
3902,OH-02,360,Brad Wenstrup,republican,221193,0.6500342366117215,William R. Smith,democratic,111694,0.32824241284357836,-0.3217918237681432
3904,OH-04,366,Jim Jordan,republican,210227,0.6798886186644588,Janet Garrett,democratic,98981,0.3201113813355411,-0.3597772373289177
3915,OH-15,370,Steve Stivers,republican,222847,0.6616459871677252,Scott Wharton,democratic,113960,0.33835401283227484,-0.3232919743354503
1308,GA-08,170,AUSTIN SCOTT,republican,173983,0.676429193493204,JAMES NEAL HARRIS,democratic,83225,0.32357080650679604,-0.3528583869864079
1309,GA-09,174,DOUG COLLINS,republican,256535,1.0,UNOPPOSED,N/A,0,0.0,-1
1306,GA-06,180,TOM PRICE,republican,201088,0.6168248953236913,RODNEY STOOKSBURY,democratic,124917,0.38317510467630866,-0.23364979064738267
1301,GA-01,171,Earl Carter,republican,210243,0.9958837015423093,Nathan Russo,,869,0.004116298457690705,-1
1310,GA-10,173,JODY HICE,republican,243725,0.9963779224973529,Leonard Ware,,886,0.00362207750264706,-1
1313,GA-13,179,DAVID SCOTT,democratic,252833,1.0,UNOPPOSED,N/A,0,0.0,1
1305,GA-05,178,JOHN R. LEWIS,democratic,253781,0.8443914303491278,DOUGLAS BELL,republican,46768,0.15560856965087225,0.6887828606982556
1311,GA-11,175,BARRY LOUDERMILK,republican,217935,0.6740577388206038,DON WILSON,democratic,105383,0.3259422611793961,-0.3481154776412077
1304,GA-04,181,HENRY C âHANKâ JOHNSON JR,democratic,220146,0.7571945972160598,VICTOR ARMENDARIZ,republican,70593,0.24280540278394022,0.5143891944321195
1302,GA-02,172,SANFORD BISHOP,democratic,148543,0.6122984843301086,GREG DUKE,republican,94056,0.38770151566989147,0.2245969686602171
1312,GA-12,169,RICK ALLEN,republican,159492,0.6160085279940675,PATRICIA C. MCCRACKEN,democratic,99420,0.38399147200593253,-0.23201705598813493
1303,GA-03,176,DREW FERGUSON,republican,207218,0.6834659797418755,ANGELA PENDLEY,democratic,95969,0.31653402025812455,-0.36693195948375096
1314,GA-14,177,TOM GRAVES,republican,216743,0.9990320484160163,Patrick A. Boggs,,210,0.0009679515839836278,-1
1307,GA-07,182,ROB WOODALL,republican,174081,0.603816844201026,RASHID MALIK,democratic,114220,0.396183155798974,-0.20763368840205199
0408,AZ-08,65,Trent Franks,republican,204942,0.6822394439340072,Mark Salazar,green,93954,0.31276714736547756,-1
0405,AZ-05,69,Andy Biggs,republican,205184,0.6393439047265906,Talia Fuentes,democratic,114940,0.35814775230658497,-0.2811961524200057
0403,AZ-03,68,Raul Grijalva,democratic,148973,0.9332335198050504,UNOPPOSED,N/A,0,0.0,1
0402,AZ-02,62,Martha McSally,republican,179793,0.5684417198086572,Matt Heinz,democratic,135870,0.42957276685077983,-0.13886895295787738
0401,AZ-01,61,Tom O'Halleran,democratic,142219,0.5052453949588788,Paul Babeu,republican,121745,0.4325097252073823,0.07273566975149648
0409,AZ-09,67,Kyrsten Sinema,democratic,169055,0.6076918099729683,Dave Giles,republican,108350,0.38947920860412955,0.2182126013688388
0407,AZ-07,66,Ruben Gallego,democratic,119465,0.7497066188052639,Eve Nunez,republican,39286,0.24654061211554512,0.5031660066897188
0404,AZ-04,63,Paul Gosar,republican,203487,0.712906356307785,Mikel Weisser,democratic,81296,0.28481640174752043,-0.42808995456026455
0406,AZ-06,64,David Schweikert,republican,201578,0.6199996309123232,W. John Williamson,democratic,122866,0.377902720791324,-0.24209691012099926
3709,NC-09,343,Robert Pittenger,republican,193452,0.5818227752163203,Christian Cano,democratic,139041,0.41817722478367964,-0.16364555043264067
3705,NC-05,342,Virginia Foxx,republican,207625,0.5840168545646842,Josh Brannon,democratic,147887,0.41598314543531584,-0.16803370912936838
3712,NC-12,353,Alma Adams,democratic,234115,0.6702404809619239,Leon Threatt,republican,115185,0.32975951903807615,0.34048096192384775
3708,NC-08,349,Richard Hudson,republican,189863,0.587729263724868,Thomas Mills,democratic,133182,0.41227073627513194,-0.17545852744973606
3706,NC-06,341,B. Mark Walker,republican,207983,0.5922910437135127,Pete Glidewell,democratic,143167,0.40770895628648723,-0.18458208742702548
3701,NC-01,345,G. K. Butterfield,democratic,240661,0.6862323531005221,"H. Powell Dew, Jr.",republican,101567,0.28961302997727395,0.39661932312324816
3711,NC-11,348,Mark Meadows,republican,230405,0.6408897715767103,Rick Bryson,democratic,129103,0.3591102284232896,-0.28177954315342074
3703,NC-03,344,Walter B. Jones,republican,217531,0.6720121346551293,Ernest T. Reeves,democratic,106170,0.32798786534487073,-0.3440242693102586
3704,NC-04,351,David Price,democratic,279380,0.6821783411184716,Sue Googe,republican,130161,0.31782165888152836,0.3643566822369433
3713,NC-13,350,Ted Budd,republican,199443,0.5610337222778572,Bruce Davis,democratic,156049,0.4389662777221428,-0.12206744455571439
3702,NC-02,352,George Holding,republican,221485,0.5670858008997176,John P. McNeil,democratic,169082,0.4329141991002824,-0.13417160179943521
3707,NC-07,346,David Rouzer,republican,211801,0.60913817995663,J. Wesley Casteen,democratic,135905,0.39086182004337,-0.21827635991326
3710,NC-10,347,Patrick McHenry,republican,220825,0.6313903883983714,Andy Millard,democratic,128919,0.36860961160162864,-0.2627807767967427
2703,MN-03,272,Erik Paulsen,republican,223077,0.5669565703596772,Terri E. Bonoff,democratic,169243,0.43013592094829517,-0.136820649411382
2701,MN-01,274,Tim Walz,democratic,169074,0.5033807018640752,Jim Hagedorn,republican,166526,0.49579459147247357,0.007586110391601675
2705,MN-05,271,Keith Ellison,democratic,249964,0.6907334434981569,Frank Nelson Drake,republican,80660,0.2228903344184016,0.46784310907975535
2706,MN-06,270,Tom Emmer,republican,235380,0.655793427020762,David Snyder,democratic,123008,0.34271322062609355,-0.3130802063946685
2704,MN-04,276,Betty McCollum,democratic,203299,0.5776458754801901,Greg Ryan,republican,121032,0.34389561975768873,0.23375025572250135
2707,MN-07,273,Collin Peterson,democratic,173589,0.5246790066737596,Dave Hughes,republican,156952,0.47439307476545123,0.05028593190830832
2702,MN-02,275,Jason Lewis,republican,173970,0.4695369135849118,Angie Craig,democratic,167315,0.45157537906799744,-0.017961534516914346
2708,MN-08,269,Rick Nolan,democratic,179098,0.5017045820622502,Stewart Mills,republican,177089,0.49607680003585647,0.005627782026393746
4104,OR-04,376,Peter A DeFazio,democratic,220628,0.5549440598840953,Art Robinson,republican,157743,0.39676986075338055,0.1581741991307148
4101,OR-01,379,Suzanne Bonamici,democratic,225391,0.5961226675835438,Brian J Heinrich,republican,139756,0.3696319708009892,0.22649069678255462
4102,OR-02,375,Greg Walden,republican,272952,0.716900553922766,James (Jim) Crary,democratic,106640,0.28008688366571327,-0.4368136702570527
4105,OR-05,377,Kurt Schrader,democratic,199505,0.5347111292172776,Colm Willis,republican,160443,0.43001758204058876,0.10469354717668883
4103,OR-03,378,Earl Blumenauer,democratic,274687,0.7184082854938474,David W Walker,republican,78154,0.2044016686063998,0.5140066168874475
0103,AL-03,57,Mike Rogers,republican,192073,0.6693115332211269,Jesse Smith,democratic,94508,0.32932944443863665,-0.33998208878249025
0105,AL-05,59,Mo Brooks,republican,205622,0.6669823897861409,"Will Boyd, Jr.",democratic,102222,0.33158063752282774,-0.33540175226331315
0106,AL-06,55,Gary Palmer,republican,244808,0.745254787831556,David J. Putman,democratic,83399,0.2538867359333189,-0.49136805189823707
0102,AL-02,53,Martha Roby,republican,134885,0.48768362480701993,Nathan Mathis,democratic,112089,0.4052635194498577,-0.08242010535716221
0101,AL-01,54,Bradley Byrne,republican,207045,0.9882627539330991,UNOPPOSED,N/A,0,0.0,-1
0104,AL-04,56,Robert Aderholt,republican,236183,0.9852987188525992,UNOPPOSED,N/A,0,0.0,-1
0107,AL-07,58,Terri A. Sewell,democratic,229063,0.9841251428522327,UNOPPOSED,N/A,0,0.0,1
0200,AK-00,60,"Young, Don",republican,155088,0.5032089760478653,"Lindbeck, Steve",democratic,111019,0.36021972887559295,-0.14298924717227235
0502,AR-02,75,French Hill,republican,176472,0.5834479475243335,Dianne Curry,democratic,111347,0.36813306707575116,-0.21531488044858232
0504,AR-04,73,Bruce Westerman,republican,182885,0.7490405842094701,Kerry Hicks,libertarian,61274,0.25095941579052994,-1
0501,AR-01,72,Rick Crawford,republican,183866,0.762780702518596,Mark West,libertarian,57181,0.23721929748140405,-1
0503,AR-03,74,Steve Womack,republican,217192,0.7731811596008643,Steve Isaacson,libertarian,63715,0.22681884039913566,-1
0652,CA-52,121,Scott Peters,democratic,181253,0.5652568484606556,Denise Gitsham,republican,139403,0.43474315153934434,0.13051369692131126
0619,CA-19,128,Zoe Lofgren,democratic,181802,0.7394443246848855,G. Burt Lancaster,republican,64061,0.26055567531511453,0.478888649369771
0648,CA-48,111,Dana Rohrabacher,republican,178701,0.5831973526186622,Suzanne Savary,democratic,127715,0.41680264738133777,-0.16639470523732447
0626,CA-26,108,Julia Brownley,democratic,169248,0.6037951246312079,Rafael A. Dagnesses,republican,111059,0.39620487536879206,0.20759024926241582
0642,CA-42,115,Ken Calvert,republican,149547,0.588221180320647,Tim Sheridan,democratic,104689,0.41177881967935304,-0.17644236064129393
0636,CA-36,117,Raul Ruiz,democratic,144348,0.6205393414926682,Jeff Stone,republican,88269,0.3794606585073318,0.2410786829853364
0622,CA-22,87,Devin G. Nunes,republican,158755,0.6756509452431415,Louie J. Campos,democratic,76211,0.32434905475685843,-0.3513018904862831
0641,CA-41,114,Mark Takano,democratic,128164,0.6495137414290275,Doug Shepherd,republican,69159,0.3504862585709725,0.299027482858055
0610,CA-10,125,Jeff Denham,republican,124671,0.5170045740873597,Michael Eggman,democratic,116470,0.48299542591264033,-0.03400914817471934
0639,CA-39,105,Ed Royce,republican,150777,0.572304293696101,Brett Murdock,democratic,112679,0.42769570630389897,-0.14460858739220206
0633,CA-33,94,Ted W. Lieu,democratic,219397,0.6643984749514716,Kenneth W. Wright,republican,110822,0.3356015250485284,0.3287969499029432
0631,CA-31,120,Pete Aguilar,democratic,121070,0.5606753852993479,Paul Chabot,republican,94866,0.43932461470065204,0.12135077059869587
0634,CA-34,102,Xavier Becerra,democratic,122842,0.7718339239488301,Adrienne Nicole Edwards,democratic,36314,0.22816607605116992,1
0601,CA-01,80,Doug La Malfa,republican,185448,0.5905310219210537,Jim Reed,democratic,128588,0.4094689780789464,-0.18106204384210728
0607,CA-07,119,Ami Bera,democratic,152133,0.5117137177473335,Scott R. Jones,republican,145168,0.4882862822526665,0.023427435494667026
0621,CA-21,88,David Valadao,republican,75126,0.5673826354903027,Emilio Huerta,democratic,57282,0.4326173645096973,-0.13476527098060537
0632,CA-32,100,Grace F. Napolitano,democratic,114926,0.6157431715654234,Roger Hernandez,democratic,71720,0.3842568284345767,1
0647,CA-47,99,Alan Lowenthal,democratic,154759,0.6372144539420591,Andy Whallon,republican,88109,0.36278554605794094,0.27442890788411817
0602,CA-02,85,Jared W. Huffman,democratic,254194,0.7685009946608781,Dale K. Mensing,republican,76572,0.2314990053391219,0.5370019893217561
0615,CA-15,77,Eric Swalwell,democratic,198578,0.7376679532089883,Danny R. Turner,republican,70619,0.2623320467910118,0.47533590641797646
0650,CA-50,116,Duncan Hunter,republican,179937,0.6345126470909751,Patrick Malloy,democratic,103646,0.3654873529090249,-0.2690252941819502
0620,CA-20,109,Jimmy Panetta,democratic,180980,0.7075307575325168,Casey Lucius,republican,74811,0.29246924246748324,0.4150615150650336
0644,CA-44,98,Nanette Diaz Barragan,democratic,93124,0.5219574806768565,"Isadore Hall, III",democratic,85289,0.4780425193231435,1
0625,CA-25,92,Steve Knight,republican,138755,0.5313006153292413,Bryan Caforio,democratic,122406,0.46869938467075867,-0.06260123065848266
0638,CA-38,97,Linda T. Sanchez,democratic,163590,0.7047829945630164,Ryan Downing,republican,68524,0.29521700543698354,0.40956598912603287
0624,CA-24,126,Salud Carbajal,democratic,166034,0.5341908665632822,Justin Donald Fareed,republican,144780,0.46580913343671776,0.06838173312656443
0640,CA-40,101,Lucille Roybal-Allard,democratic,106554,0.7137048969503741,Roman Gabriel Gonzalez,,42743,0.2862951030496259,1
0651,CA-51,89,Juan Vargas,democratic,145161,0.7275438297531099,"Juan M. Hidalgo, Jr.",republican,54361,0.27245617024689006,0.4550876595062199
0611,CA-11,82,Mark DeSaulnier,democratic,214868,0.7205282201409079,Roger Allen Petersen,republican,83341,0.2794717798590921,0.4410564402818158
0637,CA-37,104,Karen Bass,democratic,192490,0.8112630230284231,Chris Blake Wiggins,democratic,44782,0.18873697697157693,1
0627,CA-27,95,Judy Chu,democratic,168977,0.6742036132656644,Jack Orswell,republican,81655,0.3257963867343356,0.3484072265313288
0649,CA-49,113,Darrell Issa,republican,155888,0.5026132095242701,Doug Applegate,democratic,154267,0.49738679047572987,-0.005226419048540265
0653,CA-53,122,Susan A. Davis,democratic,198988,0.670092538962001,James Veltmeyer,republican,97968,0.3299074610379989,0.34018507792400215
0606,CA-06,118,Doris Matsui,democratic,177565,0.7542701550041842,Robert Evans,republican,57848,0.24572984499581588,0.5085403100083683
0629,CA-29,107,Tony Cardenas,democratic,128407,0.747317022069094,Richard Alarcon,democratic,43417,0.25268297793090605,1
0608,CA-08,90,Paul Cook,republican,136972,0.6225801906302981,Rita Ramirez,democratic,83035,0.3774198093697019,-0.24516038126059625
0604,CA-04,79,Tom McClintock,republican,220133,0.6271988557687377,Robert W. Derlet,democratic,130845,0.37280114423126237,-0.2543977115374753
0618,CA-18,127,Anna G. Eshoo,democratic,230460,0.7114500046306301,Richard B. Fox,republican,93470,0.2885499953693699,0.4229000092612602
0635,CA-35,106,Norma J. Torres,democratic,124044,0.7239091232718423,Tyler Fischella,republican,47309,0.2760908767281577,0.44781824654368463
0605,CA-05,83,Mike Thompson,democratic,224526,0.7686851015608149,Carlos Santamaria,republican,67565,0.23131489843918504,0.5373702031216299
0623,CA-23,91,Kevin McCarthy,republican,167116,0.6917511093449897,Wendy Reed,democratic,74468,0.30824889065501027,-0.38350221868997947
0613,CA-13,76,Barbara Lee,democratic,293117,0.9078455482220453,Sue Caro,republican,29754,0.09215445177795466,0.8156910964440907
0643,CA-43,96,Maxine Waters,democratic,167017,0.7608420342936278,Omar Navarro,republican,52499,0.2391579657063722,0.5216840685872557
0617,CA-17,78,Ro Khanna,democratic,142268,0.6100895399499126,Mike Honda,democratic,90924,0.3899104600500875,1
0628,CA-28,103,Adam B. Schiff,democratic,210883,0.7798667943744476,Lenore Solis,republican,59526,0.22013320562555241,0.5597335887488952
0630,CA-30,93,Brad Sherman,democratic,205279,0.7263839153019773,Mark Reed,republican,77325,0.2736160846980227,0.45276783060395465
0609,CA-09,84,Jerry McNerney,democratic,133163,0.5735952273265706,Antonio C. Amador,republican,98992,0.4264047726734294,0.14719045465314123
0612,CA-12,124,Nancy Pelosi,democratic,274035,0.8087326063539376,Preston Picus,,64810,0.19126739364606235,1
0646,CA-46,110,Lou Correa,democratic,115248,0.7001998869939791,Bao Nguyen,democratic,49345,0.2998001130060209,1
0645,CA-45,112,Mimi Walters,republican,182618,0.5855975167468871,Ron Varasteh,democratic,129231,0.4144024832531129,-0.17119503349377418
0614,CA-14,123,Jackie Speier,democratic,231630,0.8086312651205982,Angel Cardenas,republican,54817,0.1913687348794018,0.6172625302411965
0616,CA-16,86,Jim Costa,democratic,97473,0.5803484245873919,Johnny M. Tacherra,republican,70483,0.41965157541260806,0.16069684917478383
0603,CA-03,81,John Garamendi,democratic,152519,0.5935168790738399,N. Eugene Cleek,republican,104456,0.4064831209261601,0.18703375814767975
0901,CT-01,50,John B. Larson,democratic,200686,0.6413230007190222,Matthew M. Corey,republican,105674,0.337697531357354,0.3036254693616682
0902,CT-02,51,Joe Courtney,democratic,208818,0.6322893988620983,Daria Novak,republican,111149,0.3365530480807371,0.29573635078136123
0904,CT-04,48,Jim Himes,democratic,187811,0.5990017222682912,John Shaban,republican,125724,0.4009823308030873,0.19801939146520386
0905,CT-05,47,Elizabeth Esty,democratic,179252,0.5799515337403464,Clay Cope,republican,129801,0.4199578751201141,0.15999365862023224
0903,CT-03,49,Rosa L. DeLauro,democratic,213572,0.6903315059991725,Angel Cadena,republican,95786,0.30961031237070746,0.380721193628465
1100,DC-00,142,Eleanor Holmes Norton,democratic,265178,0.8539776697872286,Martin Moulton,libertarian,18713,0.0602632350147011,1
1000,DE-00,141,ROCHESTER,democratic,233554,0.5552348801825789,REIGLE H,republican,172301,0.4096162989729935,0.14561858120958543
1502,HI-02,183,"GABBARD, Tulsi",democratic,170848,0.8115677668205742,"KAAIHUE, Angela Aulani",republican,39668,0.18843223317942578,0.6231355336411484
1501,HI-01,184,"HANABUSA, Colleen Wakako",democratic,274467,0.685548792215026,"OSTROV, Shirlene D. (Shirl)",republican,90048,0.22491701239631232,0.4606317798187136
1602,ID-02,186,Mike Simpson,republican,205292,0.6293844790743732,Jennifer Martinez,democratic,95882,0.29395515959028634,-0.3354293194840869
1601,ID-01,185,Raul R. Labrador,republican,242252,0.6818372441900066,James Piotrowski,democratic,112988,0.31801358315531125,-0.3638236610346953
1718,IL-18,187,DARIN LaHOOD,republican,250506,0.7207188026860158,JUNIUS RODRIGUEZ,democratic,96770,0.27841232759265544,-0.4423064750933604
1717,IL-17,192,CHERI BUSTOS,democratic,173125,0.6030801064556133,PATRICK HARLAN,republican,113943,0.39691989354438667,0.2061602129112266
1712,IL-12,188,MICHAEL BOST,republican,169976,0.543050843125603,"CHARLES """"C.J."""" BARICEVIC",democratic,124246,0.3969495402585287,-0.14610130286707435
1705,IL-05,199,MIKE QUIGLEY,democratic,212842,0.6775775017349946,VINCE KOLBER,republican,86222,0.27448570937406486,0.4030917923609298
1713,IL-13,190,RODNEY DAVIS,republican,187583,0.5953390502910316,MARK D. WICKLUND,democratic,126811,0.402464723916645,-0.19287432637438662
1709,IL-09,197,JANICE D. SCHAKOWSKY,democratic,217306,0.6629124021903265,JOAN McCARTHY LASONDE,republican,109550,0.3341925840057351,0.32871981818459145
1708,IL-08,194,RAJA KRISHNAMOORTHI,democratic,144954,0.5831492812918643,"PETER """"PETE"""" DiCIANNI",republican,103617,0.4168507187081357,0.16629856258372855
1710,IL-10,202,BRAD SCHNEIDER,democratic,150435,0.5248055984845578,ROBERT DOLD,republican,135535,0.47282565088313583,0.05197994760142194
1706,IL-06,193,PETER J. ROSKAM,republican,208555,0.5922401503921669,AMANDA HOWLAND,democratic,143591,0.4077598496078331,-0.1844803007843338
1702,IL-02,195,ROBIN KELLY,democratic,235051,0.797791784188143,JOHN F MORROW,republican,59471,0.20185183299561818,0.5959399511925249
1704,IL-04,200,LUIS V. GUTIERREZ,democratic,171297,1.0,UNOPPOSED,N/A,0,0.0,1
1714,IL-14,204,"RANDALL M. """"RANDY"""" HULTGREN",republican,200508,0.5930487404502258,JIM WALZ,democratic,137589,0.4069512595497742,-0.18609748090045164
1701,IL-01,196,BOBBY L. RUSH,democratic,234037,0.7388930984403612,AUGUST (O'NEILL) DEUSER,republican,81817,0.2583096546063017,0.48058344383405954
1715,IL-15,189,JOHN M. SHIMKUS,republican,274554,1.0,UNOPPOSED,N/A,0,0.0,-1
1716,IL-16,191,ADAM KINZINGER,republican,259722,0.9782483417891727,UNOPPOSED,N/A,0,0.0,-1
1707,IL-07,203,DANNY K. DAVIS,democratic,250584,0.8393424172997307,JEFFREY A. LEEF,republican,46882,0.15703337486769298,0.6823090424320377
1711,IL-11,201,BILL FOSTER,democratic,166578,0.6044786680843188,TONIA KHOURI,republican,108995,0.3955213319156811,0.2089573361686377
1703,IL-03,198,DANIEL WILLIAM LIPINSKI,democratic,225320,0.9736073422403512,UNOPPOSED,N/A,0,0.0,1
1807,IN-07,214,Andre D. Carson,democratic,158736,0.5997596971277006,Catherine Ping,republican,94455,0.3568837704880869,0.24287592663961372
1805,IN-05,209,Susan W. Brooks,republican,221364,0.6292521937866165,Angela Demaree,democratic,116283,0.3305475725505914,-0.29870462123602504
1808,IN-08,211,Larry Bucshon,republican,167175,0.5656652128159926,Ron Drake,democratic,94102,0.318410215979725,-0.24725499683626756
1802,IN-02,212,Jackie Walorski,republican,163003,0.5930055734221976,Lynn Coleman,democratic,101276,0.3684424977080574,-0.2245630757141402
1804,IN-04,207,Todd Rokita,republican,193418,0.6459216216667502,John Dale,democratic,91260,0.3047638130541502,-0.3411578086126
1806,IN-06,206,Luke Messer,republican,204861,0.6876907118903514,Barry Welsh,democratic,79077,0.2654508101793573,-0.42223990171099407
1803,IN-03,205,Jim Banks,republican,217164,0.705636933154837,Tommy Schrader,democratic,69524,0.22590623740885638,-0.4797306957459806
1809,IN-09,210,Trey Hollingsworth,republican,169685,0.5316479095648686,Shelli Yoder,democratic,127369,0.39906569580910367,-0.13258221375576495
1801,IN-01,213,Peter Visclosky,democratic,207515,0.8150852537186805,Donna Dunn,libertarian,47051,0.18480869466167568,1
2001,KS-01,221,"Marshall, Roger",republican,169992,0.6589577898290894,"LaPolice, Alan",independent,67739,0.2625837787968415,-1
2004,KS-04,220,Michael Pompeo,republican,167000,0.606397310065106,Daniel B. Giroux,democratic,81499,0.2959327806766232,-0.3104645293884828
2002,KS-02,219,"Jenkins, Lynn",republican,181228,0.6092311829764346,"Potter, Britani",democratic,96840,0.325545433152923,-0.28368574982351163
2003,KS-03,222,Kevin Yoder,republican,176022,0.5126142681161742,Jay Sidie,democratic,139300,0.40567183391043765,-0.10694243420573651
2104,KY-04,227,Thomas Massie,republican,233922,0.7131877010320279,Calvin Sidle,democratic,90442,0.2757420082623211,-0.4374456927697068
2105,KY-05,226,"Harold """"Hal"""" Rogers",republican,219603,1.0,UNOPPOSED,N/A,0,0.0,-1
2101,KY-01,223,James R. COMER,republican,216957,0.7224867795345863,Samuel L. GASKINS,democratic,81710,0.2721018208943295,-0.4503849586402568
2102,KY-02,225,S. Bret Guthrie,republican,251917,1.0,UNOPPOSED,N/A,0,0.0,-1
2106,KY-06,224,Andy Barr,republican,202094,0.6108899428388334,Nancy Jo Kemper,democratic,128725,0.3891100571611667,-0.22177988567766665
2103,KY-03,229,John Yarmuth,democratic,212401,0.6343945353918204,Harold Bratcher,republican,122093,0.36466462968438723,0.2697299057074332
2201,LA-01,235,Steve Scalise,republican,243645,0.745575112917243,Lee Ann Dugas,democratic,41840,0.1280340771386954,-0.6175410357785476
2206,LA-06,232,Garret Graves,republican,207483,0.6266513237772502,Richard Lieberman,democratic,49380,0.14914013373683924,-0.477511190040411
2203,LA-03,230,Scott A. Angelle,republican,91532,0.2856322592322143,Clay Higgins,republican,84912,0.2649740680409669,-1
2205,LA-05,234,Ralph Abraham,republican,208545,0.8157058929367681,Billy Burkette,republican,47117,0.18429410706323193,-1
2204,LA-04,231,Marshall Jones,democratic,80593,0.28180848645908,"""Mike"" Johnson",republican,70580,0.2467961606377957,0.03501232582128433
2202,LA-02,233,Cedric Richmond,democratic,198289,0.6975400061209629,"Melvin L. ""Kip"" Holden",democratic,57125,0.2009540259402186,1
2302,ME-02,236,"Poliquin, Bruce",republican,192631,0.5475909590964781,"Cain, Emily Ann",democratic,158888,0.4516699405024177,-0.09592101859406044
2301,ME-01,237,"Pingree, Chellie",democratic,227566,0.579884973995561,"Holbrook, Mark I.",republican,164572,0.4193633053285529,0.16052166866700812
2508,MA-08,249,Stephen F. Lynch,democratic,271019,0.7241366411499873,William Burke,republican,102744,0.27452206324395817,0.44961457790602916
2506,MA-06,250,Seth W. Moulton,democratic,308923,0.9836589132476795,UNOPPOSED,N/A,0,0.0,1
2509,MA-09,246,William Richard Keating,democratic,211790,0.5574961502520434,Mark C. Alliegro,republican,127803,0.336416641440398,0.22107950881164534
2502,MA-02,252,James P. McGovern,democratic,275487,0.9824400611958874,UNOPPOSED,N/A,0,0.0,1
2503,MA-03,251,Nicola S. Tsongas,democratic,236713,0.6869370153689001,Ann Wofford,republican,107519,0.31201827088266704,0.374918744486233
2504,MA-04,248,"Joseph P. Kennedy, III",democratic,265823,0.7009859894043717,David A. Rosa,republican,113055,0.298130602062693,0.40285538734167875
2501,MA-01,247,Richard E. Neal,democratic,235803,0.7333573843297392,Frederick O. Mayock,unenrolled,57504,0.1788398918949179,1
2507,MA-07,254,Michael E. Capuano,democratic,253354,0.9861547384113565,UNOPPOSED,N/A,0,0.0,1
2505,MA-05,253,Katherine M. Clark,democratic,285606,0.9855041458625913,UNOPPOSED,N/A,0,0.0,1
2802,MS-02,279,bennie g thompson,democratic,192343,0.6710591502515473,"john bouie, ii",republican,83542,0.29146692902946697,0.3795922212220803
2804,MS-04,280,steven palazzo,republican,177898,0.6381327144440578,mark gladney,democratic,77505,0.2780159194200424,-0.36011679502401545
2801,MS-01,278,trent kelly,republican,206455,0.6872143610842046,jacob owens,democratic,83947,0.27942933796680014,-0.4077850231174045
2803,MS-03,277,gregg harper,republican,209490,0.65942679068889,dennis c quinn,democratic,96101,0.3025040527566615,-0.3569227379322285
2904,MO-04,283,Vicky Hartzler,republican,225348,0.6782809706411745,Gordon Christensen,democratic,92510,0.2784483225678287,-0.39983264807334584
2907,MO-07,284,Billy Long,republican,228692,0.6753906446115999,Genevieve (Gen) Williams,democratic,92756,0.27393408878138964,-0.4014565558302103
2903,MO-03,286,Blaine Luetkemeyer,republican,249865,0.6783671297440088,Kevin Miller,democratic,102891,0.2793423342464563,-0.3990247954975525
2906,MO-06,282,Sam Graves,republican,238388,0.6802456312563491,David M Blackwell,democratic,99692,0.2844734108730639,-0.3957722203832852
2902,MO-02,287,Ann Wagner,republican,241954,0.5854254577832837,Bill Otto,democratic,155689,0.3767009600867175,-0.2087244976965662
2908,MO-08,285,Jason Smith,republican,229792,0.7439740215170735,Dave Cowell,democratic,70009,0.22666096849493803,-0.5173130530221355
2901,MO-01,288,Lacy Clay,democratic,236993,0.7546970932158051,Steven G. Bailey,republican,62714,0.199710850126105,0.5549862430897001
2905,MO-05,281,Emanuel Cleaver II,democratic,190766,0.5882937058623986,Jacob Turk,republican,123771,0.3816911832731983,0.2066025225892003
3000,MT-00,289,RYAN ZINKE,republican,285358,0.5619152828401575,DENISE JUNEAU,democratic,205919,0.40548725855648826,-0.1564280242836692
2402,MD-02,241,C. A. Dutch Ruppersberger,democratic,192183,0.620988823151167,Pat McDonough,republican,102577,0.3314505992329043,0.28953822391826267
2407,MD-07,243,Elijah Cummings,democratic,238838,0.7489174095594069,Corrogan R. Vaughn,republican,69556,0.21810473768543576,0.5308126718739712
2405,MD-05,242,Steny H. Hoyer,democratic,242989,0.6737828380019633,Mark Arness,republican,105931,0.2937354769655662,0.3800473610363971
2403,MD-03,239,John Sarbanes,democratic,214640,0.6318981379259586,Mark Plaster,republican,115048,0.33870022815926987,0.29319790976668875
2406,MD-06,238,John K. Delaney,democratic,185770,0.5596122447750044,Amie Hoeber,republican,133081,0.40089227080207973,0.15871997397292464
2408,MD-08,245,Jamie Raskin,democratic,220657,0.6056647690779036,Dan Cox,republican,124651,0.3421451353473027,0.2635196337306009
2401,MD-01,244,Andy Harris,republican,242574,0.6699218156661411,Joe Werner,democratic,103622,0.2861750986624983,-0.38374671700364277
2404,MD-04,240,Anthony G. Brown,democratic,237501,0.7406861063464837,George E. McDermott,republican,68670,0.21415874005925464,0.5265273662872291
3102,NE-02,292,Don Bacon,republican,141066,0.48928923234873817,Brad Ashford,democratic,137602,0.47727430386947295,-0.012014928479265219
3103,NE-03,290,Adrian Smith,republican,226907,1.0,UNOPPOSED,N/A,0,0.0,-1
3101,NE-01,291,Jeff Fortenberry,republican,189771,0.6945263835923261,Daniel M. Wik,democratic,83467,0.3054736164076739,-0.3890527671846522
3404,NJ-04,309,Christopher H. SMITH,republican,211992,0.6369894502152925,Lorna PHILLIPSON,democratic,111532,0.33512919054215257,-0.30186025967313995
3410,NJ-10,305,Donald M. Payne Jr.,democratic,191394,0.8562608769567338,David H. Pinckney,republican,26520,0.11864550851590216,0.7376153684408316
3409,NJ-09,301,Bill Pascrell,democratic,162642,0.6970082668003754,Hector Castillo,republican,65376,0.2801712500482123,0.4168370167521631
3411,NJ-11,306,Rodney P. Frelinghuysen,republican,194299,0.5796492253901391,Joseph M. Wenzel,democratic,130162,0.38831029740364736,-0.1913389279864917
3405,NJ-05,300,Josh Gottheimer,democratic,172874,0.5103999669326814,Scott Garnett,republican,101859,0.3007325001550031,0.20966746677767834
3403,NJ-03,303,Tom MacARTHUR,republican,194496,0.5935818595211573,Frederick John LaVERGNE,democratic,127008,0.3876153998748722,-0.20596645964628507
3402,NJ-02,299,Frank A. LoBiondo,republican,176338,0.5918832465671121,David Cole,democratic,110838,0.37203073236061185,-0.21985251420650026
3401,NJ-01,304,Donald W. Norcross,democratic,181350,0.5993456276026174,Bob Patterson,republican,107078,0.3538832705400225,0.24546235706259495
3407,NJ-07,307,Leonard Lance,republican,185844,0.5430906758387712,Peter Jacob,democratic,148183,0.4330341879093037,-0.11005648792946754
3412,NJ-12,308,Bonnie Watson Coleman,democratic,181430,0.6285118441382082,Steven J. Uccio,republican,92407,0.32011736747659925,0.3083944766616089
3408,NJ-08,302,Albio Sires,democratic,134733,0.769911656133213,Agha Khan,republican,32337,0.18478496897107397,0.585126687162139
3406,NJ-06,310,"Frank PALLONE, Jr.",democratic,166825,0.6357345101043013,Brent SONNEK-SCHMELZ,republican,91908,0.35024179442329456,0.2854927156810067
3601,NY-01,340,Lee Zeldin,republican,188499,0.5819846244095217,Anna Throne-Hols,democratic,135278,0.4176664917101485,-0.16431813269937318
3627,NY-27,325,Chris Collins,republican,220884,0.6685533201570261,Diana Kastenbaum,democratic,107832,0.3263769291536392,-0.34217639100338687
3604,NY-04,335,Kathleen Rice,democratic,186423,0.5956006389776358,David Gurfein,republican,126438,0.4039552715654952,0.1916453674121406
3614,NY-14,317,Joseph Crowley,democratic,147587,0.7671759098021074,Frank Spotorno,republican,30545,0.1587767768496234,0.6083991329524839
3607,NY-07,331,Nydia Velazquez,democratic,172146,0.843489083140606,Allan Romaguera,republican,17478,0.08563952804672494,0.7578495550938811
3622,NY-22,320,Claudia Tenney,republican,129567,0.46506794736502055,Kim Myers,democratic,114278,0.41018959217223383,-0.05487835519278672
3611,NY-11,330,Dan Donovan,republican,142934,0.5750297705255705,Richard Reichard,democratic,85257,0.3429926619677513,-0.23203710855781917
3613,NY-13,318,Adriano Espaillat,democratic,207194,0.8165119899115288,Tony Evans,republican,16089,0.06340367677484188,0.7531083131366869
3617,NY-17,339,Nita Lowey,democratic,214530,0.9947510456176795,UNOPPOSED,N/A,0,0.0,1
3602,NY-02,336,Peter King,republican,181506,0.6203318580290162,Du Wayne Gregory,democratic,110938,0.37915207026777625,-0.24117978776124
3624,NY-24,322,John Katko,republican,182970,0.6057806912991657,Colleen Deacon,democratic,119053,0.3941630247649318,-0.21161766653423386
3619,NY-19,321,John Faso,republican,166357,0.5403991021338937,Zephyr Teachout,democratic,141376,0.4592500674049266,-0.08114903472896717
3609,NY-09,327,Yvette Clarke,democratic,214189,0.8602244248811207,Alan Bellone,conservative,17576,0.07058861328878037,1
3608,NY-08,329,Hakeem Jeffries,democratic,214595,0.8709601483832476,Daniel Cavanagh,conservative,15401,0.06250684892588548,1
3612,NY-12,332,Carolyn Maloney,democratic,244358,0.753006070691196,Robert Ardini,republican,49508,0.15256232473575546,0.6004437459554405
3605,NY-05,337,Gregory Meeks,democratic,199815,0.8017518447334315,Michael O'Reilly,republican,30312,0.12162601365042552,0.6801258310830061
3615,NY-15,316,Jose Serrano,democratic,165688,0.8679444936274535,UNOPPOSED,N/A,0,0.0,1
3610,NY-10,328,Jerrold Nadler,democratic,192371,0.7089300323562578,Philip Rosenthal,republican,53857,0.19847505472556146,0.5104549776306964
3620,NY-20,315,Paul Tonko,democratic,213018,0.6789028836592642,Joe Vitollo,republican,100740,0.3210652456592132,0.35783763800005103
3616,NY-16,319,Eliot Engel,democratic,209857,0.915302953645388,Derickson Lawrence,people's choice,11825,0.05157539384846212,1
3621,NY-21,323,Elise Stefanik,republican,177886,0.6675698395304502,Mike Derrick,democratic,76105,0.2856065268625126,-0.38196331266793765
3606,NY-06,338,Grace Meng,democratic,136506,0.6662046549309179,Danniel Maio,republican,50617,0.2470314932577196,0.4191731616731983
3623,NY-23,314,"Thomas Reed, II",republican,161048,0.5758480500302141,John Plumb,democratic,118582,0.42400534914238514,-0.15184270088782897
3625,NY-25,333,Louise Slaughter,democratic,182950,0.5614873968406935,Mark Assini,republican,142650,0.4378036466757307,0.1236837501649628
3603,NY-03,334,Thomas Suozzi,democratic,171775,0.5244141459780923,Jack Martins,republican,152304,0.46497087520912456,0.05944327076896777
3618,NY-18,324,Sean Maloney,democratic,162066,0.5560812920536777,Phil Oliva,republican,129377,0.44391870794632227,0.11216258410735547
3626,NY-26,326,Brian Higgins,democratic,215289,0.7457729866044984,Shelly Schratz,republican,73377,0.2541819806774999,0.4915910059269985
3800,ND-00,354,Kevin Cramer,republican,233980,0.6913097302775225,Chase Iron Eyes,democratic,80377,0.2374792810946082,-0.4538304491829143
4005,OK-05,374,STEVE RUSSELL,republican,160184,0.5709234772071141,AL McAFFREY,democratic,103273,0.3680828313789785,-0.2028406458281356
4004,OK-04,373,TOM COLE,republican,204143,0.6962846491512301,CHRISTINA OWEN,democratic,76472,0.26082833939881783,-0.4354563097524123
4002,OK-02,371,MARKWAYNE MULLIN,republican,189839,0.7060624093428051,JOSHUA HARRIS-TILL,democratic,62387,0.23203406850894484,-0.47402834083386025
4003,OK-03,372,FRANK D. LUCAS,republican,227525,0.7829086592226829,FRANKIE ROBBINS,democratic,63090,0.21709134077731707,-0.5658173184453659
4401,RI-01,398,David N. Cicilline,democratic,130540,0.645033773600755,Harold Russell Taub,republican,71023,0.3509440302010604,0.29408974339969457
4402,RI-02,399,James R. Langevin,democratic,133108,0.5808822245884756,Rhue R. Reis,republican,70301,0.3067929896835233,0.2740892349049523
4506,SC-06,403,James E Jim Clyburn,democratic,177947,0.7008519068455815,Laura Sterling,republican,70099,0.2760879240333831,0.4247639828121984
4503,SC-03,400,Jeff Duncan,republican,198431,0.7282379321860973,Hosea Cleveland,democratic,73766,0.27071979330668927,-0.45751813887940807
4504,SC-04,407,Trey Gowdy,republican,198648,0.6718571380255014,Chris Fedalei,democratic,91676,0.31006189332702,-0.3617952446984814
4505,SC-05,405,Mick Mulvaney,republican,175909,0.5907327868467095,Fran Person,democratic,115437,0.3876573723642543,-0.2030754144824552
4507,SC-07,406,Tom Rice,republican,176468,0.629853697536879,Mal Hyman,democratic,103454,0.3692504274144903,-0.2606032701223887
4502,SC-02,402,Joe Wilson,republican,183746,0.6107561907927539,Arik Bjorn,democratic,105306,0.35002825328236664,-0.26072793751038725
4501,SC-01,491,Mark Sanford,republican,190410,0.6026967999240338,Dimitri Cherny,democratic,110539,0.3498844680783718,-0.252812331845662
4600,SD-00,408,Kristi Noem,republican,237141,0.6410377014216088,Paula Hawks,democratic,132792,0.35896229857839124,-0.2820754028432175
4707,TN-07,411,Marsha Blackburn,republican,200407,0.7221535567703135,Tharon Chandler,democratic,65226,0.23503763787642382,-0.4871159188938896
4702,TN-02,413,"John J. Duncan, Jr.",republican,212455,0.7564552653317003,Stuart Starr,democratic,68401,0.24354473466829976,-0.5129105306634005
4708,TN-08,412,David Kustoff,republican,194386,0.6875249793975234,Rickey Hobson,democratic,70925,0.25085504698779415,-0.4366699324097293
4709,TN-09,417,Steve Cohen,democratic,171631,0.7874534885321417,Wayne Alberson,republican,41123,0.18867483035644644,0.5987786581756953
4706,TN-06,414,Diane Black,republican,202234,0.710865056768252,David W. Kent,democratic,61995,0.21791627122218707,-0.4929487855460649
4701,TN-01,415,Phil Roe,republican,198293,0.7836893587590159,Alan Bohms,democratic,39024,0.1542298191878273,-0.6294595395711886
4704,TN-04,410,Scott DesJarlais,republican,165796,0.6503410646551894,Steven Reynolds,democratic,89141,0.3496589353448107,-0.3006821293103787
4703,TN-03,409,Chuck Fleischmann,republican,176613,0.6639436704435239,Melody Shekari,democratic,76727,0.28844086223619014,-0.3755028082073337
4705,TN-05,416,Jim Cooper,democratic,171111,0.6255337349749949,Stacy Ries Snyder,republican,102433,0.37446626502500513,0.25106746994998974
4820,TX-20,433,Castro,democratic,149640,0.7973613116710805,Blunt,libertarian,29055,0.15482045516307968,1
4828,TX-28,423,Cuellar,democratic,122086,0.6619208206373819,Hardin,republican,57740,0.31305234165754003,0.34886847897984186
4811,TX-11,419,Conaway,republican,201871,0.8950285306388469,Landholt,libertarian,23676,0.1049714693611531,-1
4830,TX-30,441,Bernice Johnson,democratic,170502,0.7791670094047325,Lingerfelt,republican,41518,0.18973065357864238,0.5894363558260901
4803,TX-03,439,Gary Johnson,republican,193684,0.6120195786606503,Bell,democratic,109420,0.345754849636771,-0.26626472902387927
4806,TX-06,446,Barton,republican,159444,0.5834113927755986,Woolridge,democratic,106667,0.39029843100521044,-0.19311296177038817
4833,TX-33,444,Veasey,democratic,93147,0.7371032452579351,Mitchell,republican,33222,0.2628967547420649,0.4742064905158702
4831,TX-31,429,Carter,republican,166060,0.583510197197352,Clark,democratic,103852,0.3649205166767397,-0.21858968052061228
4834,TX-34,428,Vela,democratic,104552,0.6267354034288455,Gonzalez,republican,62268,0.3732645965711545,0.25347080685769097
4807,TX-07,451,Culberson,republican,143542,0.5617356662348895,Cargas,democratic,111991,0.4382643337651106,-0.12347133246977887
4824,TX-24,442,Marchant,republican,154845,0.5617755364884721,McDowell,democratic,108389,0.3932338055762149,-0.16854173091225721
4801,TX-01,420,Gohmert,republican,192427,0.7389215716392235,McKellar,democratic,62847,0.2413330978127304,-0.49758847382649307
4812,TX-12,452,Granger,republican,196482,0.6940006711053812,Bradshaw,democratic,76029,0.26854458435618034,-0.4254560867492009
4813,TX-13,422,Thornberry,republican,199376,0.8998776849507355,DeWeese,libertarian,14719,0.06643377159131428,-1
4816,TX-16,445,O'Rourke,democratic,150228,0.8573238447973794,Perez,libertarian,17491,0.09981795250786114,1
4822,TX-22,436,Olson,republican,181864,0.5952157306827517,Gibson,democratic,123679,0.4047842693172483,-0.19043146136550337
4825,TX-25,430,Williams,republican,180973,0.5834469773904746,Thomas,democratic,117071,0.377430451449002,-0.20601652594147257
4814,TX-14,435,Weber,republican,160631,0.6185609488418661,Cole,democratic,99054,0.38143905115813387,-0.2371218976837322
4836,TX-36,438,Babin,republican,193643,0.8861244325669937,Ridley,green,24885,0.1138755674330063,-1
4810,TX-10,424,McCaul,republican,179123,0.5732339556704792,Cadien,democratic,120146,0.3844942683964951,-0.1887396872739841
4819,TX-19,425,Arrington,republican,176235,0.8664624673051584,Bonar,libertarian,17372,0.085409742571142,-1
4818,TX-18,448,Jackson Lee,democratic,150157,0.7349540889245648,Bartley,republican,48306,0.23643714391996398,0.49851694500460086
4804,TX-04,434,Ratcliffe,republican,216493,0.8798918896949744,Wommack,libertarian,29552,0.12010811030502551,-1
4821,TX-21,426,Smith,republican,202967,0.5700823804668694,Wakely,democratic,129765,0.36447668882765827,-0.20560569163921116
4832,TX-32,440,Sessions,republican,162868,0.71068328889781,Rankin,libertarian,43490,0.18977095705826655,-1
4802,TX-02,450,Poe,republican,168692,0.6062910622636898,Bryan,democratic,100231,0.3602373524633764,-0.24605370980031338
4826,TX-26,443,Burgess,republican,211730,0.6635639964899085,Mauck,democratic,94507,0.29618590948978313,-0.36737808700012536
4809,TX-09,447,Green,democratic,152032,0.8064374108199,Martin,republican,36491,0.19356258918010005,0.6128748216397999
4835,TX-35,431,Doggett,democratic,124612,0.630704134105357,Narvaiz,republican,62384,0.3157468518443536,0.3149572822610034
4829,TX-29,449,Green,democratic,95649,0.7247124607901078,Garza,republican,31646,0.23977512084981284,0.4849373399402949
4823,TX-23,432,Hurd,republican,110548,0.4830545505392131,Gallego,democratic,107486,0.46967472427595125,-0.01337982626326184
4817,TX-17,427,Flores,republican,149417,0.6080585037114208,Matta,democratic,86603,0.3524343990102878,-0.255624104701133
4815,TX-15,437,Gonzalez,democratic,101712,0.5730931546830893,Westley,republican,66877,0.37681641208255623,0.19627674260053307
4805,TX-05,418,Hensarling,republican,155469,0.8060985347339603,Ashby,libertarian,37397,0.19390146526603963,-1
4827,TX-27,421,Farenthold,republican,142251,0.6169242045094783,Barrera,democratic,88330,0.3830757954905218,-0.23384840901895648
4904,UT-04,456,Mia Love,republican,147241,0.5362603343409695,Doug Owens,democratic,113684,0.4140437775430673,-0.12221655679790222
4902,UT-02,453,Chris Stewart,republican,171646,0.617429433707073,Charlene Albarran,democratic,93870,0.33766065589692124,-0.2797687778101518
4901,UT-01,454,Rob Bishop,republican,183331,0.6583155286640214,Peter Clemens,democratic,64952,0.23323338779467476,-0.4250821408693467
4903,UT-03,455,Jason Chaffetz,republican,209568,0.7346020239693495,Stephen Tryon,democratic,75713,0.26539797603065046,-0.469204047938699
5000,VT-00,457,Peter Welch,democratic,264414,0.8953049767382015,Erica Clawson,Liberty Union,29410,0.09958216798607678,1
5308,WA-08,471,Dave Reichert,republican,192779,0.6018532104936171,Tony Ventrella,democratic,127530,0.3981467895063829,-0.20370642098723418
5303,WA-03,473,Jaime Herrera Beutler,republican,192757,0.6173933653843074,Jim Moeller,democratic,119454,0.3826066346156926,-0.23478673076861484
5307,WA-07,477,Pramila Jayapal,democratic,212010,0.5597564646181955,Brady Pinero Walkinshaw,democratic,166744,0.44024353538180455,1
5305,WA-05,470,Cathy McMorris Rodgers,republican,192808,0.5962384112513683,Joe Pakootas,democratic,130566,0.4037615887486316,-0.19247682250273673
5306,WA-06,472,Derek Kilmer,democratic,201047,0.615072797192742,Todd A. Bloom,republican,125820,0.384927202807258,0.230145594385484
5301,WA-01,475,Suzan DelBene,democratic,193419,0.5543870812409714,Robert J. Sutherland,republican,155469,0.4456129187590287,0.10877416248194266
5304,WA-04,469,Dan Newhouse,republican,132154,0.5770866629985765,Clint Didier,republican,96848,0.4229133370014236,-1
5310,WA-10,478,Denny Heck,democratic,170448,0.5866875942256459,Jim Postma,republican,120078,0.41331240577435413,0.17337518845129174
5309,WA-09,476,Adam Smith,democratic,205165,0.7288743152315246,Doug Basler,republican,76317,0.27112568476847543,0.45774863046304914
5302,WA-02,474,Rick Larsen,democratic,208102,0.6401444540829196,Marc Hennemann,republican,116984,0.3598555459170804,0.28028890816583923
5402,WV-02,480,ALEX X. MOONEY,republican,140807,0.5818134488087466,MARK HUNT,democratic,101207,0.4181865511912534,-0.16362689761749322
5401,WV-01,479,DAVID B. MCKINLEY,republican,163455,0.6897563034075325,MIKE MANYPENNY,democratic,73520,0.31024369659246753,-0.37951260681506493
5403,WV-03,481,EVAN JENKINS,republican,140741,0.6788194779387648,MATT DETCH,democratic,49708,0.23975073794686783,-0.439068739991897
5600,WY-00,490,Liz Cheney,republican,156176,0.6202974072191154,Ryan Greene,democratic,75466,0.2997346847991866,-0.32056272241992884
3502,NM-02,313,STEVE PEARCE,republican,143515,0.6272042724098297,MERRIE LEE SOULES,democratic,85232,0.3724898062643947,-0.25471446614543497
3503,NM-03,311,BEN R LUJAN,democratic,170612,0.6241704531319738,MICHAEL H ROMERO,republican,102730,0.3758295468680261,0.24834090626394772
3501,NM-01,312,MICHELLE LUJAN GRISHAM,democratic,181088,0.6514730165811049,RICHARD GREGORY PRIEM,republican,96879,0.34852698341889504,0.30294603316220986
1224,FL-24,0,Frederica Wilson,democratic,100,1,UNOPPOSED,N/A,0,0,1
4001,OK-01,0,Jim Bridenstine,republican,100,1,UNOPPOSED,N/A,0,0,-1
4808,TX-08,0,Kevin Brady,republican,100,1,UNOPPOSED,N/A,0,0,-1
