GEOID,state_id,state_fips,dem_margin,dem_votes,gop_votes
06001,19,06,1,144134,0
06003,19,06,1,133,0
06005,19,06,1,4872,0
06007,19,06,1,30680,0
06009,19,06,1,6302,0
06011,19,06,1,2502,0
06013,19,06,1,124731,0
06015,19,06,1,2939,0
06017,19,06,1,26408,0
06019,19,06,1,118148,0
06021,19,06,1,3793,0
06023,19,06,1,16277,0
06025,19,06,1,28871,0
06027,19,06,1,2258,0
06029,19,06,1,97689,0
06031,19,06,1,13158,0
06033,19,06,1,7003,0
06035,19,06,1,3226,0
06037,19,06,1,1218236,0
06039,19,06,1,17562,0
06041,19,06,1,27101,0
06043,19,06,1,2519,0
06045,19,06,1,9564,0
06047,19,06,1,29835,0
06049,19,06,1,1044,0
06051,19,06,1,1591,0
06053,19,06,1,43060,0
06055,19,06,1,17778,0
06057,19,06,1,13329,0
06059,19,06,1,486783,0
06061,19,06,1,52192,0
06063,19,06,1,2418,0
06065,19,06,1,281437,0
06067,19,06,1,161673,0
06069,19,06,1,7568,0
06071,19,06,1,251246,0
06073,19,06,1,446063,0
06075,19,06,1,80985,0
06077,19,06,1,81295,0
06079,19,06,1,37455,0
06081,19,06,1,81090,0
06083,19,06,1,60995,0
06085,19,06,1,207380,0
06087,19,06,1,32720,0
06089,19,06,1,24369,0
06091,19,06,1,442,0
06093,19,06,1,6457,0
06095,19,06,1,49229,0
06097,19,06,1,54600,0
06099,19,06,1,61219,0
06101,19,06,1,11700,0
06103,19,06,1,7991,0
06105,19,06,1,1795,0
06107,19,06,1,44044,0
06109,19,06,1,6345,0
06111,19,06,1,115964,0
06113,19,06,1,23429,0
06115,19,06,1,7789,0
12001,2,12,0.11914880270978057,69399,54203
12003,2,12,-0.6219766138074644,2135,9901
12005,2,12,-0.4943068651492649,19971,62906
12007,2,12,-0.5071963639424291,2694,8720
12009,2,12,-0.2198133980339807,112914,181496
12011,2,12,0.2977507057625589,522932,278766
12013,2,12,-0.508570477616908,1275,4331
12015,2,12,-0.3149167209258365,30207,60194
12017,2,12,-0.3157398079547048,24038,48798
12019,2,12,-0.5188275790132472,23251,77965
12021,2,12,-0.3907942238267148,49470,115719
12023,2,12,-0.44328005363254647,7361,19924
12027,2,12,-0.32811180939874307,3346,6844
12029,2,12,-0.4946359605206695,1582,5040
12031,2,12,-0.16193098299073705,171598,241000
12033,2,12,-0.2827286572300714,51316,94200
12035,2,12,-0.2055089229032941,21260,32914
12037,2,12,-0.34415694233045835,1826,3861
12039,2,12,0.3501116020589441,14573,6887
12041,2,12,-0.5551823416506717,1675,6303
12043,2,12,-0.40274546300604935,1196,2927
12045,2,12,-0.47712146422628954,1750,5191
12047,2,12,-0.176053711301753,2106,3050
12049,2,12,-0.4161895886033818,2025,5151
12051,2,12,-0.25514215193344914,3892,6683
12053,2,12,-0.22622146846272667,32766,53708
12055,2,12,-0.30246187315470513,14498,28123
12057,2,12,-0.004646367331761492,281122,283871
12059,2,12,-0.7195585093757417,976,7039
12061,2,12,-0.25151086049510707,28288,48181
12063,2,12,-0.3571496983047601,6362,13820
12065,2,12,-0.016837674296237837,3623,3751
12067,2,12,-0.5655274888558692,669,2572
12069,2,12,-0.2471600381043106,59151,100664
12071,2,12,-0.3112944320159085,104591,204778
12073,2,12,0.17638620799069255,86641,59958
12075,2,12,-0.3987023859355379,5294,12914
12077,2,12,-0.4800747198007472,748,2290
12079,2,12,-0.12129860863360681,3564,4584
12081,2,12,-0.2037560695334768,66545,102717
12083,2,12,-0.2599156460377971,59537,104400
12085,2,12,-0.18832723916776667,33685,49806
12086,2,12,0.11262747326974087,529445,420063
12087,2,12,-0.06903880597014922,18738,21629
12089,2,12,-0.5505282299965362,9544,34974
12091,2,12,-0.5383801481304027,20813,74749
12093,2,12,-0.32284339133654205,4287,8647
12095,2,12,0.12735119576155812,293696,224853
12097,2,12,0.1336567293276439,75646,57103
12099,2,12,0.09601158396306841,350625,287899
12101,2,12,-0.1936903826848846,88665,134779
12103,2,12,-0.027800499020296687,222928,236421
12105,2,12,-0.16321944687791573,110363,156196
12107,2,12,-0.35315315315315315,9910,21474
12113,2,12,-0.5804732099869316,16284,66921
12115,2,12,-0.14087380617293788,92332,124163
12117,2,12,-0.10503697691197689,94435,117728
12109,2,12,-0.44317847042187125,35580,95753
12111,2,12,0.02409569597069594,69590,66222
12119,2,12,-0.4034928405980206,21187,51846
12121,2,12,-0.4777376005181067,4483,13335
12123,2,12,-0.385023265880316,2658,6216
12125,2,12,-0.5813204508856682,1064,4313
12127,2,12,-0.1376888252773068,104531,139933
12129,2,12,-0.32351587666820064,4852,9773
12131,2,12,-0.5804964220485643,6334,25722
12133,2,12,-0.5515211879753712,2232,8323
53001,48,53,-0.2050459696386573,1859,2818
53003,48,53,-0.12816829143150338,4248,5497
53005,48,53,-0.13034044783578547,35673,46366
53007,48,53,-0.07555397348046627,15582,18129
53009,48,53,0.0403503442689348,20549,18955
53011,48,53,0.026351347982389195,102922,97637
53013,48,53,-0.22115823073415414,854,1339
53015,48,53,-0.00603862062863586,22468,22741
53017,48,53,-0.19233471734270197,6322,9333
53019,48,53,-0.15998894722298979,1520,2099
53021,48,53,-0.09757644968912577,10668,12975
53023,48,53,-0.21717588769611895,474,737
53025,48,53,-0.2810357428740473,10329,18404
53027,48,53,0.06804538672403626,15390,13429
53029,48,53,0.09052835051546393,23695,19761
53031,48,53,0.37501219155369164,14098,6408
53033,48,53,0.4540115404239344,728113,273410
53035,48,53,0.1346649586437032,71746,54716
53037,48,53,-0.07645643761112852,8830,10292
53039,48,53,-0.05280680662165915,5121,5692
53041,48,53,-0.23058053965658215,13174,21070
53043,48,53,-0.327681660899654,1943,3837
53045,48,53,0.04105170902716915,14848,13677
53047,48,53,-0.06172124022022607,8095,9160
53049,48,53,0.10510677808727947,5951,4819
53051,48,53,-0.1919044845661037,2775,4093
53053,48,53,0.1088976823063878,196164,157636
53055,48,53,0.4318014705882353,7789,3091
53057,48,53,0.06941431670282,30566,26598
53059,48,53,-0.04562400142020234,2688,2945
53061,48,53,0.1530170260029866,201910,148319
53063,48,53,-0.015070545744303054,113717,117197
53065,48,53,-0.29068755439512617,8150,14830
53067,48,53,0.19540212303833093,78153,52603
53069,48,53,-0.0375106564364876,1129,1217
53071,48,53,-0.012844611528822103,12604,12932
53073,48,53,0.1887606768152843,65830,44924
53075,48,53,0.08722225395556066,9517,7990
53077,48,53,-0.03659813561486397,37722,40588
15001,23,15,0.5433150837102276,47003,12766
15003,23,15,0.49678815457050984,203372,64939
15007,23,15,0.5713484945547725,19015,4745
15009,23,15,0.5411399378944205,37214,10203
45001,42,45,-0.33514905417450735,3285,6669
45003,42,45,-0.36346414073071714,21801,47318
45005,42,45,0.503037667071689,2452,796
45007,42,45,-0.546148535620403,16538,57675
45009,42,45,0.26149425287356315,3706,2159
45011,42,45,-0.08929574300797488,3998,4793
45013,42,45,-0.31565228016346036,24875,48125
45015,42,45,-0.35750023348587745,23628,50423
45017,42,45,-0.08325212306835589,3236,3834
45019,42,45,-0.17986334768082346,67341,97219
45021,42,45,-0.46285175442950016,5239,14565
45023,42,45,-0.0533198412080641,5964,6649
45025,42,45,-0.1757330372885783,6204,8895
45027,42,45,-0.03508291078525416,6965,7477
45029,42,45,-0.19241818636022978,6346,9427
45031,42,45,-0.10482368119266061,12336,15261
45033,42,45,-0.1124605527397915,4567,5743
45035,42,45,-0.36220898754737413,18510,39918
45037,42,45,-0.2418210303197862,4038,6662
45039,42,45,0.17215697507877392,6068,4265
45041,42,45,-0.1531148315791387,23026,31449
45043,42,45,-0.24509868638193938,11311,18737
45045,42,45,-0.40647558021257674,59012,141731
45047,42,45,-0.3144509527693334,9086,17568
45049,42,45,0.15836703741152675,4518,3265
45051,42,45,-0.4762570283720028,31688,90641
45053,42,45,-0.035042565828548755,4798,5152
45055,42,45,-0.3428497562416901,8666,17949
45057,42,45,-0.30973155297856325,12088,23199
45059,42,45,-0.41592992796332673,6889,17051
45061,42,45,0.27233429394812675,4806,2727
45063,42,45,-0.5103732991193387,26910,85385
45067,42,45,0.15469403268719117,7535,5500
45069,42,45,0.1283066027910852,5364,4132
45065,42,45,-0.11532158951249488,2136,2699
45071,42,45,-0.30241317671092954,5311,10048
45073,42,45,-0.61420740787681,5863,25248
45075,42,45,0.33539210181545953,24800,12256
45077,42,45,-0.651212692632811,7681,37726
45079,42,45,0.1515474585306199,90901,66736
45081,42,45,-0.37101990049751243,2460,5443
45083,42,45,-0.41685167565281744,32171,79487
45085,42,45,0.05955648915093209,21957,19462
45087,42,45,-0.24683947248749433,4013,6727
45089,42,45,0.26602586755247715,8902,5138
45091,42,45,-0.3098691560470357,35551,68280
46102,43,46,0.5438351379671673,2210,653
46003,43,46,-0.5155367231638419,343,1073
46005,43,46,-0.4724409448818898,1809,5049
46007,43,46,-0.32982456140350874,382,758
46009,43,46,-0.4905722791928548,770,2253
46011,43,46,-0.38154183641491696,3947,8817
46013,43,46,-0.406953724325662,4793,11371
46015,43,46,-0.5182608695652173,554,1746
46017,43,46,0.05112474437627812,257,232
46019,43,46,-0.6488372093023256,755,3545
46021,43,46,-0.7896009673518742,87,740
46023,43,46,-0.4505109489051095,941,2484
46025,43,46,-0.5134168157423971,408,1269
46027,43,46,-0.14988198269079467,2161,2923
46029,43,46,-0.4885463680490505,3003,8740
46031,43,46,-0.17850953206239173,474,680
46033,43,46,-0.4996811902231668,1177,3528
46035,43,46,-0.5029349319345573,1990,6017
46037,43,46,-0.3071660064818149,962,1815
46039,43,46,-0.4907010014306152,534,1563
46041,43,46,-0.017709563164108655,832,862
46043,43,46,-0.7158878504672896,228,1377
46045,43,46,-0.5859905906952432,396,1517
46047,43,46,-0.5094659508335688,868,2671
46049,43,46,-0.6357206012378427,206,925
46051,43,46,-0.5045922627330921,890,2703
46053,43,46,-0.5937052932761087,426,1671
46055,43,46,-0.8384615384615384,84,956
46057,43,46,-0.6156328433130154,536,2253
46059,43,46,-0.6382289416846652,335,1517
46061,43,46,-0.5404992358634744,451,1512
46063,43,46,-0.8044914134742405,74,683
46065,43,46,-0.5405930967428294,1890,6338
46067,43,46,-0.640495867768595,609,2779
46069,43,46,-0.6410998552821998,124,567
46071,43,46,-0.4277777777777778,309,771
46073,43,46,-0.46788990825688076,261,720
46075,43,46,-0.7611408199643495,67,494
46077,43,46,-0.47609794014768747,674,1899
46079,43,46,-0.3944543828264759,2031,4677
46081,43,46,-0.44781543142060337,3267,8566
46083,43,46,-0.5224246255976608,6043,19264
46085,43,46,-0.4709587123862841,378,1051
46091,43,46,-0.3614213197969543,629,1341
46087,43,46,-0.5427480916030534,599,2021
46089,43,46,-0.7189097103918227,165,1009
46093,43,46,-0.5932790576823141,2348,9198
46095,43,46,-0.34883720930232553,224,464
46097,43,46,-0.47937671860678277,284,807
46099,43,46,-0.34854148202381413,25359,52494
46101,43,46,-0.34259573026092854,970,1981
46103,43,46,-0.4400915797506995,13206,33966
46105,43,46,-0.7121495327102805,231,1374
46107,43,46,-0.6223880597014926,253,1087
46109,43,46,-0.29849604894213616,1376,2547
46111,43,46,-0.5692850838481907,244,889
46115,43,46,-0.4547276979619111,816,2177
46117,43,46,-0.6107899807321773,303,1254
46119,43,46,-0.6814988290398127,136,718
46121,43,46,0.3104761904761905,1376,724
46123,43,46,-0.6252856054836253,492,2134
46125,43,46,-0.58125,871,3289
46127,43,46,-0.543301069791136,1793,6059
46129,43,46,-0.6076516076516076,482,1975
46135,43,46,-0.35827098919368244,3088,6536
46137,43,46,-0.10065359477124186,344,421
05001,18,05,-0.21837398373983735,2341,3684
05003,18,05,-0.3567274137262505,2346,5106
05005,18,05,-0.5111918982082576,4231,14074
05007,18,05,-0.3779237239313285,27423,63503
05009,18,05,-0.6231454005934718,2620,12490
05011,18,05,-0.1940855584266437,1343,2019
05013,18,05,-0.25672594619243044,773,1336
05015,18,05,-0.3285129863952051,3318,6771
05017,18,05,0.11042360780580679,2288,1824
05019,18,05,0.016916384726921252,4087,3947
05021,18,05,-0.3483858189740543,1527,3286
05023,18,05,-0.4651952461799661,2902,8382
05025,18,05,-0.3422168382798304,1034,2164
05027,18,05,-0.3171019973998345,2757,5440
05029,18,05,-0.1785714285714286,3023,4403
05031,18,05,-0.3714825523144305,10241,23218
05033,18,05,-0.498318640370808,5042,16008
05035,18,05,0.042871655943108766,7412,6779
05037,18,05,-0.36861040323789535,1997,4456
05039,18,05,-0.09594644849386391,1171,1429
05041,18,05,0.1296886491787203,2256,1727
05043,18,05,-0.20357199304567725,2413,3701
05045,18,05,-0.232327337283169,16770,27632
05047,18,05,-0.45527608275040926,1690,4749
05049,18,05,-0.48294829482948287,1059,3254
05051,18,05,-0.24460128776622087,14385,24262
05053,18,05,-0.4324696802646086,1877,5015
05055,18,05,-0.45841048283720265,3405,9842
05057,18,05,-0.27060050663090446,2352,4168
05059,18,05,-0.27910767910767914,4006,7259
05061,18,05,-0.3552778397679089,1377,2969
05063,18,05,-0.3974223696110944,3747,9020
05065,18,05,-0.4190275650842266,1404,3593
05067,18,05,-0.19830641985033476,1951,2958
05069,18,05,0.26221419975932614,15342,8805
05071,18,05,-0.3150900900900901,2882,5680
05073,18,05,-0.27710843373493976,954,1713
05075,18,05,-0.4580318379160637,1380,3912
05077,18,05,0.1219104876419505,1636,1271
05079,18,05,-0.2016129032258065,1440,2190
05081,18,05,-0.3850770154030806,1443,3368
05083,18,05,-0.36526946107784436,2342,5209
05085,18,05,-0.3711110271046762,7666,17483
05087,18,05,-0.3624780316344464,2045,4520
05089,18,05,-0.5662408497201091,1320,5265
05091,18,05,-0.44163936532408304,4099,10974
05093,18,05,-0.14719740048740854,5023,6835
05095,18,05,-0.0007186489399927942,1361,1363
05097,18,05,-0.39763892887993085,985,2366
05099,18,05,-0.2454341557193207,1115,1881
05101,18,05,-0.5578213039978535,754,2833
05103,18,05,-0.12808448347971557,4052,5277
05105,18,05,-0.2843534174803525,1394,2588
05107,18,05,0.21611433956337361,3776,2400
05109,18,05,-0.4766044489900281,955,2819
05111,18,05,-0.43668065023597274,2026,5357
05113,18,05,-0.5492150510839771,1654,6062
05115,18,05,-0.42826311766557257,5819,15344
05117,18,05,-0.31272617611580217,1093,2130
05119,18,05,0.1548197222415198,88892,64378
05121,18,05,-0.41678657074340525,1659,4266
05125,18,05,-0.32891169635941137,16140,33125
05127,18,05,-0.4628339140534262,867,2461
05129,18,05,-0.5460816777041944,725,2704
05131,18,05,-0.36680879712746856,13060,29405
05133,18,05,-0.45359870400370284,1076,3036
05135,18,05,-0.49879483907557076,1609,5127
05123,18,05,0.07034165948894627,3643,3153
05137,18,05,-0.3937294932555596,1530,3690
05139,18,05,-0.3342855329143656,4902,10168
05141,18,05,-0.3539885041357073,2145,4670
05143,18,05,-0.10679719383037217,34475,43137
05145,18,05,-0.43377650017966224,7341,19413
05147,18,05,0.24286288701246483,1521,917
05149,18,05,-0.36815607300188796,1881,4221
00001,17,02,-0.33494464369249954,802,2950
00010,17,02,-0.3003281656670816,671,3325
00011,17,02,-0.3444374607165305,679,3967
00012,17,02,-0.3491590376836278,650,3930
00013,17,02,-0.3584814216478191,629,2848
00014,17,02,-0.39634444335842045,914,4969
00015,17,02,-0.2657800295545704,816,2075
00016,17,02,-0.2494490358126722,1203,3014
00017,17,02,-0.2649429657794677,1092,2834
00018,17,02,-0.22650635710337205,1206,2845
00019,17,02,-0.15608919382504288,996,1724
00002,17,02,-0.35024975024975025,615,2368
00020,17,02,-0.21195574076735166,1298,2773
00021,17,02,-0.3013023583245336,1212,3780
00022,17,02,-0.3820048309178744,917,4080
00023,17,02,-0.29669030732860524,933,2941
00024,17,02,-0.4004996741255703,944,4631
00025,17,02,-0.31926651595076616,1014,3556
00026,17,02,-0.3765657025734457,952,4259
00027,17,02,-0.27630057803468205,1305,3695
00028,17,02,-0.40052863436123354,1039,5585
00029,17,02,-0.2988480765051076,729,3479
00003,17,02,-0.394122383252818,423,3360
00030,17,02,-0.3381581946660588,545,3512
00031,17,02,-0.2406680752590804,970,3362
00032,17,02,-0.3710100870526461,737,3422
00033,17,02,-0.1637090983690635,2160,3756
00034,17,02,-0.29646399310047433,1495,4245
00035,17,02,-0.3212756366914582,1402,4253
00036,17,02,-0.4403532777708671,801,4341
00037,17,02,-0.4714314556834242,592,2927
00038,17,02,-0.40586943501696937,630,2663
00039,17,02,-0.5055976886962802,509,3309
00004,17,02,-0.29570578231292516,1142,3924
00040,17,02,-0.4691932624113475,466,2583
00005,17,02,-0.3246235036684258,965,3487
00006,17,02,-0.3435021354484442,791,3606
00007,17,02,-0.33337452119115285,564,3262
00008,17,02,-0.30741733690795353,472,2880
00009,17,02,-0.32454430815086555,727,3558
16001,24,16,-0.16993956493162987,72847,104650
16003,24,16,-0.47269303201506596,459,1463
16005,24,16,-0.24660465392730846,11585,19883
16007,24,16,-0.7288949897048731,291,2415
16009,24,16,-0.5690487687107677,746,3103
16011,24,16,-0.5521438953488372,2997,12114
16013,24,16,0.13015164201321056,5961,4562
16015,24,16,-0.4367662753468517,860,2497
16017,24,16,-0.3932090417310665,5767,13908
16019,24,16,-0.5050888827484572,9158,31093
16021,24,16,-0.5899127061105722,920,3961
16023,24,16,-0.6188158961881589,185,948
16025,24,16,-0.5,126,414
16027,24,16,-0.45670195834198324,17007,50006
16029,24,16,-0.6921555702043507,350,2450
16031,24,16,-0.6634355828220859,1011,6418
16033,24,16,-0.6892857142857143,32,225
16035,24,16,-0.576861274772362,711,2865
16037,24,16,-0.5322105263157895,429,1693
16039,24,16,-0.5114594466215414,1752,6059
16041,24,16,-0.7727769679300291,441,4682
16043,24,16,-0.6704605147960078,692,4521
16045,24,16,-0.5605655330531142,1378,5779
16047,24,16,-0.554035831246388,958,3834
16049,24,16,-0.6193763096265253,1247,6272
16051,24,16,-0.6961258016340157,1196,9120
16053,24,16,-0.54424385912992,1253,4931
16055,24,16,-0.4893549267582567,15365,47636
16057,24,16,-0.08602150537634412,8050,9626
16059,24,16,-0.5661310259579728,723,3013
16061,24,16,-0.6145181476846058,257,1239
16063,24,16,-0.5224137931034483,354,1263
16065,24,16,-0.7364426569797613,1473,12826
16067,24,16,-0.5851315400532072,1108,5067
16069,24,16,-0.4356612355345731,4621,12188
16071,24,16,-0.7351797862001943,206,1719
16073,24,16,-0.6071987480438185,581,2909
16075,24,16,-0.5714451268976706,1549,6480
16077,24,16,-0.450179211469534,686,1942
16079,24,16,-0.3860058309037901,1477,3463
16081,24,16,-0.10090270812437308,2156,2659
16083,24,16,-0.47596930533117937,6559,20701
16085,24,16,-0.2476995305164319,1883,3202
16087,24,16,-0.5411068093828285,842,3218
50001,47,50,0.29365704976614637,11882,6294
50003,47,50,0.27358107716389357,10246,5527
50005,47,50,0.10217422196958936,7348,5910
50007,47,50,0.43071649285438396,57338,21654
50009,47,50,-0.0110688343133864,1324,1356
50011,47,50,0.1593258217711146,11948,8526
50013,47,50,0.19635036496350367,2363,1556
50015,47,50,0.2928644160726874,7902,4163
50017,47,50,0.15358361774744028,8073,5823
50019,47,50,0.06965672763718372,6033,5199
50021,47,50,0.09885260370697269,15404,12492
50023,47,50,0.31150590046177523,19628,9914
50025,47,50,0.417470068606789,14720,5410
50027,47,50,0.27590025841527666,18034,9813
19001,7,19,-0.4809119830328738,894,2708
19003,7,19,-0.51454898157129,454,1515
19005,7,19,-0.34773692690786584,2099,4473
19007,7,19,-0.40445700981207383,1690,4122
19009,7,19,-0.4497257769652651,847,2323
19011,7,19,-0.40482279868469123,3811,9351
19013,7,19,-0.1045067451634738,27245,33884
19015,7,19,-0.2684262948207171,4820,8593
19017,7,19,-0.3150204994409243,4357,8583
19019,7,19,-0.30239432456399645,3313,6382
19021,7,19,-0.37105590062111804,2382,5369
19023,7,19,-0.48914790996784563,1782,5433
19025,7,19,-0.5166080500195389,1154,3798
19027,7,19,-0.4393851508120649,2714,7259
19029,7,19,-0.5084427767354597,1558,5081
19031,7,19,-0.33953241232731135,2908,6103
19033,7,19,-0.23169707948570667,8173,13417
19035,7,19,-0.5391571128693686,1331,4670
19037,7,19,-0.34801002820432464,1956,4177
19039,7,19,-0.37172177879133406,1273,2903
19041,7,19,-0.5153446647780925,1894,6260
19043,7,19,-0.34087882822902804,2779,5851
19045,7,19,-0.1744308692977059,8852,12821
19047,7,19,-0.4319297723553043,1771,4674
19049,7,19,-0.33085373924553274,11876,24374
19051,7,19,-0.46265938069216755,972,2750
19053,7,19,-0.3941863624015214,1037,2488
19055,7,19,-0.4440087145969499,2369,6445
19057,7,19,-0.14805292195618408,7589,10353
19059,7,19,-0.49516365412799224,2421,7489
19061,7,19,-0.16612371134020615,19291,27348
19063,7,19,-0.4606240713224369,1171,3341
19065,7,19,-0.3360812305217654,3069,6412
19067,7,19,-0.27851591877663573,2725,4947
19069,7,19,-0.48137651821862343,1172,3550
19071,7,19,-0.5269614835948645,735,2582
19073,7,19,-0.39068100358422936,1344,3197
19075,7,19,-0.5665404775771694,1370,5261
19077,7,19,-0.45265548567435365,1413,4004
19079,7,19,-0.3900774379839874,2170,5142
19081,7,19,-0.4997422237497852,1324,4232
19083,7,19,-0.42025047258979203,2284,5841
19085,7,19,-0.45491915593313237,1788,5108
19087,7,19,-0.40747967479674796,2535,6294
19089,7,19,-0.31042128603104213,1459,2859
19091,7,19,-0.5677713832109545,999,3860
19093,7,19,-0.6379165499859982,590,2868
19095,7,19,-0.41013145965548503,2443,6062
19097,7,19,-0.2816943422491796,3450,6283
19099,7,19,-0.29265446831079284,6170,11688
19101,7,19,-0.0815272177419355,3447,4094
19103,7,19,0.18421017465556644,42699,28914
19105,7,19,-0.3463409790487539,3063,6551
19107,7,19,-0.5395727365208545,1045,3697
19109,7,19,-0.4408677396780965,2247,6027
19111,7,19,-0.12993815473936643,6382,8441
19113,7,19,-0.13062431885411802,47635,62737
19115,7,19,-0.37942903421745294,1429,3303
19117,7,19,-0.4666822539162965,1068,3064
19119,7,19,-0.7302526383114807,761,5328
19121,7,19,-0.4361502347417841,2205,5921
19123,7,19,-0.5256630414043122,2302,7812
19125,7,19,-0.4452074229612394,4562,12407
19127,7,19,-0.21686679068718645,6585,10432
19129,7,19,-0.478307733764484,1740,5290
19131,7,19,-0.39858709797360103,1536,3680
19133,7,19,-0.5002207505518763,1049,3315
19135,7,19,-0.30701068543132654,1280,2458
19137,7,19,-0.5211153768438068,1067,3646
19139,7,19,-0.2196386488609584,6963,11157
19141,7,19,-0.6867469879518072,1060,6076
19143,7,19,-0.6827871460388164,455,2601
19145,7,19,-0.541395752058951,1461,5208
19147,7,19,-0.48742746615087046,1109,3377
19149,7,19,-0.6197378565921358,2300,10338
19151,7,19,-0.5509937238493724,784,2891
19153,7,19,-0.07814230858483912,100317,118164
19155,7,19,-0.30815607967973757,12943,25721
19157,7,19,-0.19206659130613501,3748,5617
19159,7,19,-0.5107967237527922,617,1989
19161,7,19,-0.5749366595205613,1015,3965
19163,7,19,-0.14065082888584518,34503,46415
19165,7,19,-0.5026186579378068,1409,4480
19167,7,19,-0.7914900736114209,1709,15902
19169,7,19,-0.08117041122556568,21472,25475
19171,7,19,-0.3172437514331575,2769,5536
19173,7,19,-0.546412784767086,613,2220
19175,7,19,-0.3961904761904762,1625,3913
19177,7,19,-0.5250637213254036,764,2618
19179,7,19,-0.2249492900608519,5365,8692
19181,7,19,-0.31180475464116963,8700,17081
19183,7,19,-0.38869815347499304,3062,7251
19185,7,19,-0.5291908501194947,645,2195
19187,7,19,-0.32921498921848596,5396,11045
19189,7,19,-0.40756813053289354,1590,3938
19191,7,19,-0.17051430608788665,4436,6349
19193,7,19,-0.3082163117269599,13909,27166
19195,7,19,-0.3619137849360493,1246,2774
19197,7,19,-0.4444072897508778,1550,4208
09001,20,09,0.2482253285631738,249887,148935
09003,20,09,0.3593698703476421,264928,122624
09005,20,09,0.06650615022245493,49872,43519
09007,20,09,0.26421824122973553,53960,30996
09009,20,09,0.3273443248398964,239893,119774
09011,20,09,0.29409289801413663,75188,40238
09013,20,09,0.23599285188689156,45949,27989
09015,20,09,0.21008523306553567,28849,18546
01001,16,01,-0.4830374192499899,6331,18220
01003,16,01,-0.5874494187166805,19145,74021
01005,16,01,-0.06442467494378734,4777,5436
01007,16,01,-0.5200321432671334,2082,6612
01009,16,01,-0.7614861370778472,2974,22117
01011,16,01,0.48456790123456794,3364,1166
01013,16,01,-0.13830787309048181,3663,4840
01015,16,01,-0.3988389092527067,14152,32976
01017,16,01,-0.14714452214452212,5845,7865
01019,16,01,-0.6365788975184694,1915,8636
01021,16,01,-0.6275789004126241,3327,14582
01023,16,01,-0.1482587064676617,2992,4035
01025,16,01,-0.12568735271013354,5558,7158
01027,16,01,-0.5775122549019608,1377,5147
01029,16,01,-0.7346652099266427,847,5554
01031,16,01,-0.5542578356002366,4498,15745
01033,16,01,-0.3050088342852447,8443,15866
01035,16,01,-0.046268420218665784,3006,3298
01037,16,01,-0.30730575956706613,1788,3378
01039,16,01,-0.643346695978275,2740,12690
01041,16,01,-0.4331106403780349,1734,4392
01043,16,01,-0.7190124781966993,5207,32001
01045,16,01,-0.4923370602672484,4625,13652
01047,16,01,0.3429825987965523,12380,6053
01049,16,01,-0.6213235294117647,4827,20713
01051,16,01,-0.513551990363029,8833,27591
01053,16,01,-0.3667894208235688,4717,10195
01055,16,01,-0.4472946260285938,11981,31441
01057,16,01,-0.6271543707377558,1497,6555
01059,16,01,-0.5045951101092423,2850,8670
01061,16,01,-0.6822593337413657,1803,9606
01063,16,01,0.6131678586453513,3833,918
01065,16,01,0.18369164228469653,4650,3206
01067,16,01,-0.3977200759974668,2366,5506
01069,16,01,-0.4607606435111037,11219,30494
01071,16,01,-0.5524185587364265,4524,15716
01073,16,01,0.040929188807649786,156095,143802
01075,16,01,-0.6667159982240639,1124,5629
01077,16,01,-0.39807151880784797,11652,27092
01079,16,01,-0.4189179755671902,4154,10155
01081,16,01,-0.2609016365320616,21475,36684
01083,16,01,-0.48033828779783755,10233,29203
01085,16,01,0.4265483971366324,4580,1839
01087,16,01,0.654042647712128,7442,1553
01089,16,01,-0.21694515187278718,62870,97796
01091,16,01,0.01166262362381043,5419,5294
01093,16,01,-0.6900313971742543,1961,10752
01095,16,01,-0.6563433376830506,5898,28532
01097,16,01,-0.1575288789983429,70415,96748
01099,16,01,-0.1579727326615294,4255,5854
01101,16,01,0.22719345530646545,57972,36477
01103,16,01,-0.5041741922536624,12325,37448
01105,16,01,0.41909196740395804,3656,1496
01107,16,01,-0.15856282271944916,3908,5382
01109,16,01,-0.21691604000310105,5037,7835
01111,16,01,-0.5087062158331647,2422,7447
01113,16,01,0.004176137865412044,9485,9406
01117,16,01,-0.5083770892620947,24429,75163
01115,16,01,-0.6495392495973384,6597,31197
01119,16,01,0.4712167118481901,4611,1656
01121,16,01,-0.23602259340924875,12632,20446
01123,16,01,-0.3952242222453438,5804,13401
01125,16,01,-0.22437082848570206,31602,49923
01127,16,01,-0.6153448632260732,5558,23419
01129,16,01,-0.4063292668196642,2455,5819
01131,16,01,0.3585172109443954,3846,1815
01133,16,01,-0.7474747474747474,1269,8817
42001,3,42,-0.33469465086415595,14593,30492
42003,3,42,0.1485782642428588,357450,261316
42005,3,42,-0.3950955414012739,8387,20793
42007,3,42,-0.11686129547172974,34263,44000
42009,3,42,-0.5709714578266991,4356,17739
42011,3,42,-0.10276847274166306,77028,95466
42013,3,42,-0.3910567621828801,15107,36533
42015,3,42,-0.3751711725810869,6985,16574
42017,3,42,-0.053583422693046445,157709,175898
42019,3,42,-0.3489467418870659,28715,62425
42021,3,42,-0.23998852187221015,21894,36948
42023,3,42,-0.3700092850510678,593,1390
42025,3,42,-0.2223561100085058,10086,16360
42027,3,42,-0.013613990993821323,35487,36527
42029,3,42,-0.022562610320455534,127552,133662
42031,3,42,-0.3656635139008312,4931,11310
42033,3,42,-0.3726441445414719,9454,22128
42035,3,42,-0.21041872733267386,5511,8702
42037,3,42,-0.2303394776172515,9819,16292
42039,3,42,-0.36031562843876647,11047,24472
42041,3,42,-0.22011923603650885,44796,71638
42043,3,42,-0.009240405987223477,62551,63740
42045,3,42,0.12627330779054918,163377,126300
42047,3,42,-0.29281575089017664,4509,8703
42049,3,42,-0.033424595026237736,56846,60948
42051,3,42,-0.1720171415683031,20547,29699
42053,3,42,-0.33445661331086773,708,1502
42055,3,42,-0.441742843224346,17827,48658
42057,3,42,-0.6582974298024068,1025,5456
42059,3,42,-0.20332165563773197,5692,8826
42061,3,42,-0.4070141405891061,5105,13078
42063,3,42,-0.2554244284504657,12592,22245
42065,3,42,-0.49417611430346325,4160,13706
42067,3,42,-0.5281136058338131,2153,7657
42069,3,42,0.1316553821999804,53936,40519
42071,3,42,-0.21785206405473923,89922,142774
42073,3,42,-0.18334160873882815,15289,22674
42075,3,42,-0.33006095083299475,19079,39386
42077,3,42,0.006347024832109971,77232,76216
42079,3,42,-0.07650480718115399,56477,66551
42081,3,42,-0.37233769058872385,14187,33015
42083,3,42,-0.4678699913162139,3987,11530
42085,3,42,-0.21954985908968078,19193,30567
42087,3,42,-0.49733706693021473,4031,13089
42089,3,42,0.052956236618706076,34280,30743
42091,3,42,0.11050795868238822,237353,189574
42093,3,42,-0.2535672514619883,2898,5066
42095,3,42,-0.057387947673171735,64148,72176
42097,3,42,-0.30136485155480514,11117,21826
42099,3,42,-0.4711014176663031,4962,14898
42101,3,42,0.6475914560726248,560421,116714
42103,3,42,-0.22871966918935793,9329,15192
42105,3,42,-0.5977922077922078,1387,5990
42107,3,42,-0.29323332474890546,19539,37757
42109,3,42,-0.4033902468984154,4299,10867
42111,3,42,-0.47938880026865915,8340,25470
42113,3,42,-0.37277723892660847,867,2020
42115,3,42,-0.3356886787551307,5535,11996
42117,3,42,-0.5186530207989435,3992,13418
42119,3,42,-0.25575681389634874,6092,10568
42121,3,42,-0.3271285763529817,6989,14581
42123,3,42,-0.3846914122556556,5124,12130
42125,3,42,-0.18649476260789422,38133,56952
42127,3,42,-0.2959123719993285,7487,14538
42129,3,42,-0.24715130535121876,62981,107532
42131,3,42,-0.2824123679779581,4154,7844
42133,3,42,-0.27646530592432583,69394,126350
13001,11,13,-0.6116400491400492,1187,5170
13003,11,13,-0.4625908507909363,596,1678
13005,11,13,-0.7114799446749654,474,3046
13007,11,13,-0.17535903250188967,531,763
13009,11,13,-0.06705209994683675,6787,7796
13011,11,13,-0.7529552596139458,673,5705
13013,11,13,-0.5290065264684554,5691,20281
13015,11,13,-0.5559508841390011,7291,28073
13017,11,13,-0.3386417719201904,1739,3589
13019,11,13,-0.6738919443545778,895,5061
13021,11,13,0.10082262560337202,31533,25601
13023,11,13,-0.582005033557047,923,3698
13025,11,13,-0.7422409258285113,611,4844
13027,11,13,-0.2389904264577894,2092,3465
13029,11,13,-0.5064066852367688,3216,10488
13031,11,13,-0.3208300737019804,7738,15530
13033,11,13,-0.043597980725103236,4068,4448
13035,11,13,-0.47006225240520655,2167,6320
13037,11,13,0.07635597682991041,1007,862
13039,11,13,-0.36207780372501,5097,11454
13043,11,13,-0.48844419391206306,855,2588
13045,11,13,-0.43368089523036907,10867,29043
13047,11,13,-0.6077955218966086,4121,18888
13049,11,13,-0.4611872146118722,873,2489
13051,11,13,0.022703039338724418,52146,49740
13053,11,13,-0.15118110236220472,508,700
13055,11,13,-0.5430010330578512,1622,5827
13057,11,13,-0.553802155626147,20717,80166
13059,11,13,0.2300858339310089,25474,15529
13061,11,13,0.01210025929127051,574,560
13063,11,13,0.6278464091453858,69400,14918
13065,11,13,-0.4985835694050992,493,1549
13067,11,13,-0.11055518077105664,133871,169269
13069,11,13,-0.4230648453446381,3494,8883
13071,11,13,-0.5434474057719603,2726,9618
13073,11,13,-0.44311955117195806,15800,42891
13075,11,13,-0.4536354056902002,1462,4045
13077,11,13,-0.4735331578500467,14088,41972
13079,11,13,-0.4745308310991957,1193,3494
13081,11,13,-0.33050847457627125,2245,4546
13083,11,13,-0.6287224669603525,880,4448
13085,11,13,-0.7210028551034975,1233,9314
13089,11,13,0.4893425587155293,218383,70994
13087,11,13,-0.21929451763705904,3529,5593
13091,11,13,-0.5212415739144066,1441,4766
13093,11,13,-0.16444947636569485,1441,2022
13095,11,13,0.2910944977947386,20354,11048
13097,11,13,0.05534282205042995,28166,25102
13099,11,13,-0.141651865008881,1877,2515
13101,11,13,-0.6835680751173709,146,874
13103,11,13,-0.5981258126709411,4049,17389
13105,11,13,-0.3820285908781484,2154,4960
13107,11,13,-0.42758238715037383,1974,5062
13109,11,13,-0.46378118425007514,852,2395
13111,11,13,-0.6372248285817395,1778,8841
13113,11,13,-0.28630996120785407,19602,36356
13115,11,13,-0.4803777287220996,7812,23480
13117,11,13,-0.5585321879308517,18169,70833
13119,11,13,-0.6779767911200807,1113,6488
13121,11,13,0.22792041989646977,246397,151689
13123,11,13,-0.6470094790705478,1795,9508
13125,11,13,-0.7492187499999999,142,1101
13127,11,13,-0.36339396247976385,9439,20887
13129,11,13,-0.6326990203805878,2854,14092
13131,11,13,-0.3381762343491613,2671,5534
13133,11,13,-0.3652807141179234,2625,5735
13135,11,13,-0.0431595724853307,141141,154572
13137,11,13,-0.669825404037126,2173,12493
13139,11,13,-0.5426987830066718,13602,50124
13141,11,13,0.4091598422808614,2295,946
13143,11,13,-0.6868377021751255,1444,8833
13145,11,13,-0.5268796510136001,3395,11608
13147,11,13,-0.49013870827915046,2180,6703
13149,11,13,-0.6125031637560112,679,3099
13151,11,13,-0.012132313328305167,44108,45234
13153,11,13,-0.2846181046676096,19191,35289
13155,11,13,-0.530166132322938,762,2581
13157,11,13,-0.6537267675799961,3906,20965
13159,11,13,-0.4882189882189881,1362,4180
13161,11,13,-0.6345199568500539,775,3716
13163,11,13,0.008166533226581285,3091,3040
13165,11,13,-0.31608788093550677,934,1826
13167,11,13,-0.444877171959257,888,2373
13169,11,13,-0.38847054886211513,3482,8125
13171,11,13,-0.40740740740740744,2003,4929
13173,11,13,-0.4393939393939394,661,1792
13175,11,13,-0.3733868343997397,5563,12449
13177,11,13,-0.5498889711324945,2876,10305
13179,11,13,0.1081541688515994,8147,6497
13181,11,13,-0.4070910973084886,1098,2671
13183,11,13,-0.35682704811443433,1152,2524
13185,11,13,-0.21900814715984895,13087,20802
13187,11,13,-0.6073465280107346,1955,9197
13193,11,13,0.11608751608751605,2129,1678
13195,11,13,-0.5827212311997202,2164,8828
13197,11,13,-0.2747884940778342,1033,1845
13189,11,13,-0.2594899518157245,3045,5253
13191,11,13,-0.27475516866158867,1905,3420
13199,11,13,-0.22771014492753622,3194,5158
13201,11,13,-0.5308098591549296,503,1709
13205,11,13,-0.1723152307064108,2977,4243
13207,11,13,-0.4767586378324633,2965,8719
13209,11,13,-0.5619134120496518,676,2532
13211,11,13,-0.4760172014555078,2216,6533
13213,11,13,-0.6460057574667146,1741,8922
13215,11,13,0.0890086814805528,33620,27940
13217,11,13,-0.017518283064863027,19851,20584
13219,11,13,-0.5050139984728939,4423,14344
13221,11,13,-0.44960876369327074,1629,4502
13223,11,13,-0.4403672690827972,15732,42974
13225,11,13,-0.09464495880737545,4454,5419
13227,11,13,-0.6902153662717043,1739,11001
13229,11,13,-0.7504073470596948,751,5817
13231,11,13,-0.6979704575477363,1101,6913
13233,11,13,-0.5696098255073767,2613,10219
13235,11,13,-0.4576170717249555,871,2415
13237,11,13,-0.45334954676099937,2334,6435
13239,11,13,-0.1304824561403508,382,501
13241,11,13,-0.6241406663141195,1256,5977
13243,11,13,-0.006899195093905686,1275,1293
13245,11,13,0.23202684067613483,42229,25908
13247,11,13,0.20196175676420347,21223,13893
13249,11,13,-0.6017505470459519,345,1445
13251,11,13,-0.2521999625538289,1942,3289
13253,11,13,-0.3335435056746532,1012,2070
13255,11,13,-0.3043061003087707,7879,15172
13257,11,13,-0.6249727609500981,1548,7284
13259,11,13,0.0531428571428571,900,807
13261,11,13,-0.05166333047373939,4876,5418
13263,11,13,0.1386172006745363,1639,1228
13265,11,13,0.12781954887218044,443,341
13267,11,13,-0.5581179383996285,1354,4960
13269,11,13,-0.2806738715829625,1091,1974
13271,11,13,-0.3442669709070166,1120,2327
13273,11,13,-0.035605289928789474,1857,1997
13275,11,13,-0.27762741145983305,6002,10823
13277,11,13,-0.45695812344936476,3432,9510
13279,11,13,-0.5151727357609711,1953,6367
13281,11,13,-0.598048473402581,1164,4964
13283,11,13,-0.44937238493723847,626,1700
13285,11,13,-0.2856850548371256,8312,15293
13287,11,13,-0.3205087440381558,1031,2039
13289,11,13,-0.08590604026845639,1655,1975
13291,11,13,-0.6437817036907469,1820,9181
13293,11,13,-0.4037732179325099,2911,7063
13295,11,13,-0.6075072886297377,3750,17086
13297,11,13,-0.5847558760960929,7183,29723
13299,11,13,-0.44892280071813284,2871,7872
13301,11,13,0.0544692737430168,1110,993
13303,11,13,-0.06196389706823707,3608,4092
13305,11,13,-0.6176804709284313,1705,7686
13307,11,13,-0.24928639391056134,387,649
13309,11,13,-0.39863445378151263,545,1304
13311,11,13,-0.6765146838345534,1541,9212
13313,11,13,-0.4666929021179165,6763,19808
13315,11,13,-0.4926126126126126,669,2036
13317,11,13,-0.23771483902202856,1525,2507
13319,11,13,-0.16409997475385002,1616,2266
13321,11,13,-0.513064434297311,1839,5884
55001,4,55,-0.13486842105263158,4093,5446
55003,4,55,0.15657012773491846,4452,3214
55005,4,55,-0.18765100671140938,8699,12893
55007,4,55,0.12091053467443091,5162,4020
55009,4,55,-0.16283996923994415,51008,71760
55011,4,55,-0.16054046200784544,2746,3851
55013,4,55,-0.23898127689266196,3143,5198
55015,4,55,-0.27378939854990797,9197,16485
55017,4,55,-0.1493423572979185,12661,17339
55019,4,55,-0.24454310025897152,4779,8084
55021,4,55,0.05090440153391934,15057,13557
55023,4,55,0.00483596915435891,3708,3671
55025,4,55,0.45502345582486314,220344,80670
55027,4,55,-0.28536348051707355,14760,27078
55029,4,55,-0.09249345027907507,7671,9295
55031,4,55,0.11468347542173041,11893,9364
55033,4,55,-0.08866678892352836,9491,11425
55035,4,55,0.05312038404726738,27527,24650
55037,4,55,-0.3867635807192043,759,1770
55039,4,55,-0.2987200218200238,17131,32464
55041,4,55,-0.21111861354940353,1651,2589
55043,4,55,-0.05310880829015541,10926,12197
55045,4,55,0.1114470613197539,10207,8106
55047,4,55,-0.3692456272132203,2774,6215
55049,4,55,0.20866786826151074,7226,4679
55051,4,55,-0.17283950617283955,1361,1949
55053,4,55,-0.05669033315128341,4096,4615
55055,4,55,-0.15951717295790618,17149,23902
55057,4,55,-0.1510087453459174,4697,6441
55059,4,55,-0.024637681159420277,35670,37540
55061,4,55,-0.2769673882746447,3697,6678
55063,4,55,0.08308212514155383,32903,27694
55065,4,55,0.01290492494074269,3757,3659
55067,4,55,-0.2570532915360502,3465,6007
55069,4,55,-0.1542158747596814,5785,8031
55071,4,55,-0.23745643288784135,14299,23769
55073,4,55,-0.15605552896122543,27812,38570
55075,4,55,-0.30671296296296297,6502,12597
55077,4,55,-0.14953869810353665,3190,4357
55078,4,55,0.43948009748172223,844,303
55079,4,55,0.29590489379224044,276556,147922
55081,4,55,-0.16081540203850503,7673,10797
55083,4,55,-0.3504795557799092,6061,13004
55085,4,55,-0.17646782306209752,8293,12047
55087,4,55,-0.17260685948297927,37067,53252
55089,4,55,-0.3163487389578799,18159,35456
55091,4,55,-0.16382806163828056,1491,2097
55093,4,55,-0.13276497916566887,8646,11418
55095,4,55,-0.24312971982662324,8094,13535
55097,4,55,0.03788996627318714,18985,17547
55099,4,55,-0.1757383128062508,2955,4282
55101,4,55,-0.08612287118893491,41606,49682
55103,4,55,0.008520235559453693,3905,3837
55105,4,55,0.15858691757461546,42437,30487
55107,4,55,-0.25539825539825534,2443,4229
55111,4,55,0.06996527224647153,16323,14127
55113,4,55,-0.18443449048152294,3507,5154
55115,4,55,-0.3396725312722465,6114,12794
55117,4,55,-0.21345407503234148,22441,35146
55109,4,55,-0.207558886509636,17713,27406
55119,4,55,-0.35665601703940364,2828,6177
55121,4,55,-0.08250922509225089,5963,7081
55123,4,55,0.012392890021953096,6887,6712
55125,4,55,-0.25400237177586715,4820,8247
55127,4,55,-0.24438108347261822,18358,30786
55129,4,55,-0.1930407801418439,3508,5250
55131,4,55,-0.4664282671279741,19831,55961
55133,4,55,-0.3769056305254344,71779,161351
55135,4,55,-0.29906324095308434,8514,16208
55137,4,55,-0.3146001344086022,3834,7579
55139,4,55,-0.12477111002943703,36077,46843
55141,4,55,-0.15275084345030954,15175,20925
37001,13,37,-0.14878010789991652,28873,39380
37003,13,37,-0.5181541862392927,3895,13271
37005,13,37,-0.4508134695421869,1337,3720
37007,13,37,0.1352388260118934,5793,4383
37009,13,37,-0.4256690906364795,3575,9253
37011,13,37,-0.5394119100568322,1705,6071
37013,13,37,-0.2488250984376984,8436,14313
37015,13,37,0.23347489927039095,5590,3446
37017,13,37,-0.07950111928365838,6999,8242
37019,13,37,-0.2933170891153835,22370,42112
37021,13,37,0.14406323627796036,75897,56086
37023,13,37,-0.3565403041033118,11471,25165
37025,13,37,-0.21063970293706902,34266,53723
37027,13,37,-0.4731464209148871,8538,25532
37029,13,37,-0.4366255144032922,1279,3401
37031,13,37,-0.44187974751257086,9668,26189
37033,13,37,-0.12069123159915884,4671,5991
37035,13,37,-0.3707882469868556,20744,47232
37037,13,37,0.06249212866174658,20530,18049
37039,13,37,-0.49989142236699236,3210,10116
37041,13,37,-0.16276097145291862,2881,4027
37043,13,37,-0.4611575892094929,1482,4183
37045,13,37,-0.2825411935359579,15025,27491
37047,13,37,-0.2064749440330635,8841,13637
37049,13,37,-0.23208675818737362,16955,27741
37051,13,37,0.1416271514920453,69733,51902
37053,13,37,-0.48001945367593424,2999,8921
37055,13,37,-0.21692956426674997,7226,11393
37057,13,37,-0.4825558657334358,17753,53535
37059,13,37,-0.48352919404089945,5117,15568
37061,13,37,-0.19404582380697571,8013,12002
37063,13,37,0.5421669672764752,117884,33718
37065,13,37,0.30407790626902015,15847,8353
37067,13,37,0.04323610570330616,89666,82004
37069,13,37,-0.11256085041560426,12880,16279
37071,13,37,-0.31192005710206994,30582,60298
37073,13,37,-0.09589821496391948,2316,2821
37075,13,37,-0.5182115046470737,872,2935
37077,13,37,-0.030261753120053025,12758,13580
37079,13,37,-0.09525000000000006,3518,4280
37081,13,37,0.1591522445201073,143914,103341
37083,13,37,0.26470941162353506,15601,8983
37085,13,37,-0.22908336064678247,16821,27305
37087,13,37,-0.2284054526850844,10953,17873
37089,13,37,-0.2728837726924949,19793,35486
37091,13,37,0.361608040201005,6714,3116
37093,13,37,0.1053862864145268,9561,7669
37095,13,37,-0.1299559471365639,949,1244
37097,13,37,-0.3548062775870525,24187,53125
37099,13,37,-0.08724795934915403,8014,9628
37101,13,37,-0.3014640326591901,28279,53977
37103,13,37,-0.17952258828171241,2001,2911
37105,13,37,-0.12677987979508692,10392,13535
37107,13,37,-0.04615384615384621,12297,13518
37109,13,37,-0.4565184436584133,9798,27867
37113,13,37,-0.34289312496422236,5367,11357
37115,13,37,-0.18215512565539682,4271,6286
37117,13,37,-0.012438652902352354,5678,5825
37111,13,37,-0.44900675814048746,4901,13671
37119,13,37,0.22189854709793883,277020,173272
37121,13,37,-0.5334928229665071,1714,5951
37123,13,37,-0.2300699300699301,4206,6838
37125,13,37,-0.30337822462194086,16059,30724
37127,13,37,-0.007519588844890068,23093,23450
37129,13,37,-0.06495486095359065,48994,56153
37131,13,37,0.2626491155902921,6065,3511
37133,13,37,-0.34127521562477725,17029,36180
37135,13,37,0.4399261758091327,57877,21884
37137,13,37,-0.2693215339233038,2374,4200
37139,13,37,0.02899736919029522,8579,8083
37141,13,37,-0.2950634388216421,9087,17180
37143,13,37,-0.2851485148514852,2281,4153
37145,13,37,-0.16877549966430822,7765,11033
37147,13,37,0.03656132685474661,40062,37150
37149,13,37,-0.2232384507699487,3970,6362
37151,13,37,-0.5444770894542726,13208,48048
37153,13,37,-0.06901303933001168,8430,9732
37155,13,37,-0.018638083228247115,19053,19792
37157,13,37,-0.28561879297173415,14193,26157
37159,13,37,-0.3455299235226683,19227,41230
37161,13,37,-0.40748706230257414,8240,20366
37163,13,37,-0.1776164265917164,10269,14819
37165,13,37,0.0772804365459775,7161,6113
37167,13,37,-0.45793698981312825,7255,20831
37169,13,37,-0.5312068427852275,4774,16698
37171,13,37,-0.4914188721946313,7509,23143
37173,13,37,-0.16738985313751675,2320,3323
37175,13,37,-0.1965468440418907,6749,10221
37177,13,37,-0.14411247803163446,695,941
37179,13,37,-0.3427112669310497,32116,67893
37181,13,37,0.23752656613703071,12056,7362
37183,13,37,0.13819244427754768,290286,217789
37185,13,37,0.3148849104859335,6336,3258
37187,13,37,0.1410952146028614,3392,2534
37189,13,37,-0.014293456171250496,13837,14259
37191,13,37,-0.12462078875938043,21286,27530
37193,13,37,-0.5208292903810079,6749,22852
37195,13,37,0.0473725904409823,19435,17641
37197,13,37,-0.6011976047904192,3162,13704
37199,13,37,-0.24158495906196303,3566,5956
08001,1,08,0.11414841401976256,97402,76285
08003,1,08,0.11488812392426845,3695,2894
08005,1,08,0.13020264732330988,162747,123509
08007,1,08,-0.18229453943739654,2750,4072
08009,1,08,-0.4172123479887746,577,1469
08011,1,08,-0.11678832116788324,810,1034
08013,1,08,0.433640081799591,126334,45755
08014,1,08,0.1189065188300516,19431,15077
08015,1,08,-0.0111002575259746,5259,5384
08017,1,08,-0.5577981651376147,220,828
08019,1,08,0.05821276595744679,2883,2541
08021,1,08,0.04807692307692313,2073,1878
08023,1,08,0.35052111903455835,1186,547
08025,1,08,-0.2845849802371541,504,936
08027,1,08,-0.33986928104575165,944,1984
08029,1,08,-0.3611956327188115,4916,10970
08031,1,08,0.5123727058018351,238774,71078
08033,1,08,-0.39004149377593356,338,808
08035,1,08,-0.2034241136578247,70005,107920
08037,1,08,0.1988395986945486,13707,8772
08041,1,08,-0.22096243041939384,113726,183709
08039,1,08,-0.49481555960535417,3684,11558
08043,1,08,-0.3408490480094744,6671,14154
08045,1,08,-0.021258730582802143,12039,12596
08047,1,08,0.0631108628874616,1729,1503
08049,1,08,-0.09094092925519498,3623,4402
08051,1,08,0.24499574105621807,5517,3216
08053,1,08,-0.11945392491467582,246,316
08055,1,08,0.06545262602269736,1942,1694
08057,1,08,-0.40749414519906324,235,583
08059,1,08,0.07447778424313334,163172,139237
08061,1,08,-0.5071599045346062,196,621
08063,1,08,-0.47177086202148166,894,2607
08067,1,08,0.10526144004177812,15903,12678
08065,1,08,0.16852146263910972,1704,1174
08069,1,08,0.04997266152909746,95789,86101
08071,1,08,0.01933864777088873,3305,3174
08073,1,08,-0.4782428512225445,588,1742
08075,1,08,-0.38961307676391477,2768,6534
08077,1,08,-0.31643112284516234,24109,48559
08079,1,08,-0.03799392097264437,301,326
08081,1,08,-0.5391712275215012,1338,4786
08083,1,08,-0.2523216128264148,4305,7484
08085,1,08,-0.3760125798151149,6055,13946
08087,1,08,-0.303688731682668,3910,7516
08089,1,08,-0.10664479081214112,3651,4561
08091,1,08,0.10214566334239955,1735,1397
08093,1,08,-0.2134528283704346,3722,5937
08095,1,08,-0.3778065630397237,695,1570
08097,1,08,0.4182634730538922,6847,2656
08099,1,08,-0.29565217391304344,1648,3110
08101,1,08,0.09540086611238902,40475,33051
08103,1,08,-0.6047407407407407,600,2641
08105,1,08,-0.10802081464202407,2372,2974
08107,1,08,0.18345428156748905,7793,5265
08109,1,08,0.1853281853281853,1570,1042
08111,1,08,0.17269076305220882,279,193
08113,1,08,0.4401114206128133,2951,1055
08115,1,08,-0.3261194029850746,426,863
08117,1,08,0.2738469272338821,9536,5178
08119,1,08,-0.3826238660153524,4064,9547
08121,1,08,-0.57920059215396,527,2092
08123,1,08,-0.16802720582216507,52263,74843
08125,1,08,-0.4481310373792525,1252,3386
04001,12,04,0.37687504485753254,18446,7944
04003,12,04,-0.2039612046962736,17638,27627
04005,12,04,0.1295010222875585,31695,24031
04007,12,04,-0.2981710696471458,6701,13157
04009,12,04,-0.37109961621892207,3280,7728
04011,12,04,-0.1816239316239316,1189,1784
04012,12,04,-0.35033603308633465,1629,3662
04013,12,04,-0.15625234176509956,602635,842425
04015,12,04,-0.4061934783732107,19045,50486
04017,12,04,-0.028249303268305048,17645,18760
04019,12,04,0.0347158508939277,202213,187910
04021,12,04,-0.21475904795514256,45402,72787
04023,12,04,0.2563782671074793,9745,5635
04025,12,04,-0.30085483899933546,34527,68032
04027,12,04,-0.15715087606751932,19451,27290
40001,40,40,-0.46767708011135173,1552,4576
40003,40,40,-0.8015030946065429,169,1982
40005,40,40,-0.45835026412027624,1185,3441
40007,40,40,-0.797029702970297,169,1940
40009,40,40,-0.7208222811671087,870,6305
40011,40,40,-0.6557808796418224,551,3041
40013,40,40,-0.48593934040047115,2965,9566
40015,40,40,-0.5269185486460451,1971,6894
40017,40,40,-0.5995477159656265,8987,42127
40019,40,40,-0.4845467406681902,4030,12935
40021,40,40,-0.28175955220248233,5267,9898
40023,40,40,-0.4543744120413923,1279,3694
40025,40,40,-0.7770460959548448,77,903
40027,40,40,-0.35298142539138055,29105,67796
40029,40,40,-0.3953185955786736,613,1525
40031,40,40,-0.3195968437923807,9653,20022
40033,40,40,-0.6306796116504854,387,2011
40035,40,40,-0.5186026200873362,1226,4195
40037,40,40,-0.5690661818690347,5229,21506
40039,40,40,-0.6343892261001518,1628,8317
40041,40,40,-0.5187776850484689,3301,11382
40043,40,40,-0.8008928571428572,185,1979
40045,40,40,-0.810071154898741,135,1615
40047,40,40,-0.6166436145689258,3401,16776
40049,40,40,-0.6177142857142857,1684,8170
40051,40,40,-0.6494516361021215,3218,17667
40053,40,40,-0.7581161408321903,205,1863
40055,40,40,-0.6111702127659575,317,1466
40057,40,40,-0.5741127348643006,186,736
40059,40,40,-0.8330019880715706,97,1354
40061,40,40,-0.48704219318911973,1094,3368
40063,40,40,-0.5532103976894024,889,3379
40065,40,40,-0.6233883445074782,1229,6064
40067,40,40,-0.5573985159319075,434,1711
40069,40,40,-0.4179218789890222,999,2636
40071,40,40,-0.5481787188228961,3145,12310
40073,40,40,-0.7837661277151723,524,5323
40075,40,40,-0.5977605512489234,635,2717
40077,40,40,-0.4595946960220165,966,2803
40079,40,40,-0.44838422769048325,4049,11611
40081,40,40,-0.6547678304771386,2007,11215
40083,40,40,-0.574624901289813,3319,14234
40085,40,40,-0.4692121538047863,855,2600
40093,40,40,-0.8240822320117474,226,3032
40095,40,40,-0.4840611756034642,1197,3824
40097,40,40,-0.5048909916245764,3409,11306
40087,40,40,-0.6550824338749852,2388,13434
40089,40,40,-0.4827951807228915,2321,7330
40091,40,40,-0.39676113360323884,2163,5299
40099,40,40,-0.575614194722475,999,4162
40101,40,40,-0.31868405748940765,7472,15144
40103,40,40,-0.6310579500928026,759,3819
40105,40,40,-0.5389363722697056,845,3115
40107,40,40,-0.4817648559041061,906,2795
40109,40,40,-0.25980810312269886,89222,160491
40111,40,40,-0.3506801986611962,4064,8936
40113,40,40,-0.3879593349571111,5142,12469
40115,40,40,-0.3952322391448302,2792,6970
40117,40,40,-0.539614898989899,1242,4661
40119,40,40,-0.40783087045626143,6932,18275
40121,40,40,-0.45215869311551926,4138,11888
40123,40,40,-0.44887172189469404,3549,10173
40125,40,40,-0.5701007882662066,4647,19184
40127,40,40,-0.4814558857406127,971,3061
40129,40,40,-0.797366914710933,144,1537
40131,40,40,-0.5967674686679911,6862,31194
40133,40,40,-0.5249099266989687,1672,5897
40135,40,40,-0.4118063420158551,3640,9458
40137,40,40,-0.6352465914829153,2780,14102
40139,40,40,-0.6533913043478261,769,4526
40141,40,40,-0.5110528287748219,577,1941
40143,40,40,-0.3332791785807122,72350,154406
40145,40,40,-0.5473040399163045,6037,23039
40147,40,40,-0.550987286989451,4223,16445
40149,40,40,-0.7272530329289427,528,3885
40151,40,40,-0.7233809001097695,404,3040
40153,40,40,-0.747847967156668,754,6401
49001,46,49,-0.7289107289107288,295,2075
49003,46,49,-0.7136554837385862,2328,16240
49005,46,49,-0.5757713444978148,8782,35393
49007,46,49,-0.4753637988256319,1882,5606
49009,46,49,-0.5314533622559653,95,340
49011,46,49,-0.5385962880389148,28459,102865
49013,46,49,-0.7879756026720883,621,6047
49015,46,49,-0.7517176024638711,457,3630
49017,46,49,-0.6601027397260275,361,1903
49019,46,49,-0.04968124862607165,2032,2258
49021,46,49,-0.6676963560437046,2567,14239
49023,46,49,-0.7510204081632652,448,3576
49025,46,49,-0.5239469128678592,752,2568
49027,46,49,-0.7917470111839569,469,4575
49029,46,49,-0.7327135386403254,595,4378
49031,46,49,-0.8230337078651685,54,640
49033,46,49,-0.7768744354110209,110,970
49035,46,49,-0.12702205971731273,168403,220652
49037,46,49,-0.23920265780730898,1947,3243
49039,46,49,-0.7403913000297945,1128,8583
49041,46,49,-0.770901447921532,836,7438
49043,46,49,0.009955916588241132,9610,9409
49045,46,49,-0.48254352481147006,4959,15325
49047,46,49,-0.7681467485435364,1232,10989
49049,46,49,-0.6837788578371811,26246,163557
49051,46,49,-0.46851851851851856,2898,8464
49053,46,49,-0.6266596899731833,10220,48544
49055,46,49,-0.6477809254013219,336,1708
49057,46,49,-0.3712947026200038,24214,55278
18001,26,18,-0.34942143727161995,3840,8430
18003,26,18,-0.47967050446389287,8503,79370
18005,26,18,-0.23868746704711097,11354,19050
18007,26,18,-0.3205197617758528,1132,2316
18009,26,18,-0.2159751037344398,1707,2748
18011,26,18,-0.29081948921398465,10583,19966
18013,26,18,-0.21402629931120853,2907,4616
18015,26,18,-0.34439069338862016,2522,5512
18017,26,18,-0.2371893864944546,4927,8306
18019,26,18,-0.12264150943396224,21415,27681
18021,26,18,-0.22132253711201078,3979,6439
18023,26,18,-0.30689184578642104,3693,7291
18025,26,18,-0.13380127220881777,1890,2500
18027,26,18,-0.37135899597265154,3131,7096
18033,26,18,-0.311956326114344,5028,10228
18029,26,18,-0.5123871956410693,5251,17288
18031,26,18,-0.3916346329855391,3022,7301
18035,26,18,-0.022336385972749617,20515,21515
18037,26,18,-0.16953716405019564,7692,11029
18039,26,18,-0.24014824899780646,23416,39291
18041,26,18,-0.2592474149877412,3170,5602
18043,26,18,-0.139268130405855,15497,20730
18045,26,18,-0.38802985870434553,2071,4982
18047,26,18,-0.485884509624198,2625,7926
18049,26,18,-0.2711079444246527,2793,5076
18051,26,18,-0.23854334514985498,5519,9220
18053,26,18,-0.27449040174153966,8345,15280
18055,26,18,-0.20573776505979896,5062,7866
18057,26,18,-0.23847958946852676,55663,92655
18059,26,18,-0.3414372542009296,10772,23187
18061,26,18,-0.2613697451886894,6580,11442
18063,26,18,-0.29712008742353774,24427,46722
18065,26,18,-0.2358462455303933,6915,11664
18067,26,18,-0.16420042586453198,14316,20408
18069,26,18,-0.3403772156689586,4574,9970
18071,26,18,-0.16115950307011284,5626,11269
18073,26,18,-0.3361788924983003,4106,8556
18075,26,18,-0.23043589089982153,2721,4529
18077,26,18,-0.15765564492106043,5424,7541
18079,26,18,-0.29079348020777357,3702,6949
18081,26,18,-0.349902140946917,19897,43317
18083,26,18,-0.08550088449190857,6571,7876
18085,26,18,-0.4399130299735984,8025,22188
18087,26,18,-0.3575140303471212,2782,6222
18091,26,18,0.059410350048989036,22401,19733
18089,26,18,0.27571223590612026,122036,67657
18093,26,18,-0.3629893238434163,5493,12327
18095,26,18,-0.10881818518930542,22188,28057
18097,26,18,0.22427442078254944,213477,131574
18099,26,18,-0.2472548910317151,6223,10659
18101,26,18,-0.27954070981210855,1595,2934
18103,26,18,-0.34724729241877256,3836,8453
18105,26,18,0.22455609225117362,34260,21057
18107,26,18,-0.3567898794228109,4393,9808
18109,26,18,-0.4310072522159549,7821,21193
18111,26,18,-0.3265730629225169,1786,3670
18113,26,18,-0.3296854443248415,4996,10509
18115,26,18,-0.3781077348066298,853,1948
18117,26,18,-0.28454987834549883,2795,5134
18119,26,18,-0.31540084388185646,2642,5333
18121,26,18,-0.22915724408261723,2339,3859
18123,26,18,0.047309136420525644,3990,3612
18125,26,18,-0.19788164088769333,2228,3405
18127,26,18,0.015627647511176568,36828,35629
18129,26,18,-0.1759111253196931,4857,7058
18131,26,18,-0.23408239700374533,1859,3109
18133,26,18,-0.35336963921034714,4319,9510
18135,26,18,-0.3101901511457826,3230,6411
18137,26,18,-0.4695875087392216,3182,9227
18139,26,18,-0.3124038596000559,2238,4472
18143,26,18,-0.14103550621083877,3763,5046
18145,26,18,-0.3189246472195884,5549,11267
18147,26,18,-0.15228169584134377,3960,5465
18141,26,18,-0.36588687276793763,6782,47353
18149,26,18,-0.16067278964258053,3443,4895
18151,26,18,-0.30954169797145,4546,9078
18153,26,18,-0.03645401822700911,3856,4164
18155,26,18,-0.27959351826421314,1242,2260
18157,26,18,-0.018408315480441195,28921,30081
18159,26,18,-0.0923764859853855,3913,4760
18161,26,18,-0.4107631498935847,901,2252
18163,26,18,-0.06544794288779765,32077,36835
18165,26,18,0.035216227637695496,3447,3197
18167,26,18,0.11163269404558684,21028,16581
18169,26,18,-0.34934171154997,3925,8595
18171,26,18,-0.3612023238191463,1159,2589
18173,26,18,-0.20786535802219297,11092,17255
18175,26,18,-0.30101098901098905,3773,7197
18177,26,18,-0.20996496691319577,9309,14703
18179,26,18,-0.40226392159841984,3516,8811
18181,26,18,-0.28493503917484875,3255,6128
18183,26,18,-0.3445065176908752,4500,9865
32510,8,32,-0.1323612341899621,9741,13027
32001,8,32,-0.5021116415717958,2240,7709
32003,8,32,0.10955036783257643,386121,303623
32005,8,32,-0.33198278045074703,8407,17584
32007,8,32,-0.5587738879512169,3199,13462
32009,8,32,-0.5883777239709442,64,307
32011,8,32,-0.7114252061248528,88,692
32013,8,32,-0.4689460476787955,1403,4393
32015,8,32,-0.537818637693272,417,1704
32017,8,32,-0.6100895803866101,315,1609
32019,8,32,-0.3778154825026511,6322,15229
32021,8,32,-0.2584382871536524,626,1139
32023,8,32,-0.3283736309154784,5252,11608
32027,8,32,-0.4158215010141988,466,1286
32029,8,32,-0.2985837922895358,791,1550
32031,8,32,-0.007835097192744334,95694,97322
32033,8,32,-0.4979983987189752,723,2589
33019,5,33,0.002005079534821541,10694,10649
33013,5,33,0.03460991540334046,41412,38540
33017,5,33,0.09649045907483716,36023,29419
33005,5,33,0.14631558641975312,22809,16741
33001,5,33,-0.1138764496497876,14743,18710
33009,5,33,0.1465535900513567,28127,20679
33011,5,33,-0.030175590111380768,98727,105156
33015,5,33,-0.055578363384188645,81343,91361
33003,5,33,-0.04794193812184816,13431,14838
33007,5,33,-0.012844510424062483,7340,7539
21001,28,21,-0.4799849416488895,2072,5897
21003,28,21,-0.5100391463568632,1940,5979
21005,28,21,-0.2138779095300834,4475,6910
21007,28,21,-0.33186705767350927,1367,2725
21009,28,21,-0.18630017452006986,7460,10876
21011,28,21,-0.037963376507369306,2154,2324
21013,28,21,-0.43115902964959574,2638,6637
21015,28,21,-0.46618993633905986,15303,42032
21017,28,21,-0.006962675493665138,4350,4411
21019,28,21,-0.05891641172406992,9536,10730
21021,28,21,-0.08088861366978867,5937,6982
21023,28,21,-0.44148319814600234,964,2488
21025,28,21,-0.03293521534563881,2672,2854
21027,28,21,-0.25213971778857275,3233,5413
21029,28,21,-0.291882943800679,12619,23022
21031,28,21,-0.4748136024731769,1444,4055
21033,28,21,-0.31228899392302495,2037,3887
21035,28,21,-0.23084614423197097,6154,9848
21037,28,21,-0.2956641300998033,14855,27327
21039,28,21,-0.4043377226955848,769,1813
21041,28,21,-0.14876898899947616,1625,2193
21043,28,21,-0.12038140643623363,4428,5640
21045,28,21,-0.5186300935468526,1518,4789
21047,28,21,-0.29422042392753694,7675,14074
21049,28,21,-0.11788391253174746,7120,9023
21051,28,21,-0.5310602522185894,1506,4917
21053,28,21,-0.6760496183206106,679,3513
21055,28,21,-0.45046634736576757,1090,2877
21057,28,21,-0.5636237897648686,631,2261
21059,28,21,-0.1735799207397622,18768,26652
21061,28,21,-0.3662757162084214,1648,3553
21063,28,21,0.1214882308276386,1477,1157
21065,28,21,-0.29515418502202645,1920,3528
21067,28,21,0.20765031326713812,82401,54064
21069,28,21,-0.16937581274382318,2555,3597
21071,28,21,-0.029750907816780303,7615,8082
21073,28,21,0.16177703269069577,13860,10000
21075,28,21,-0.1246278179498086,1029,1322
21077,28,21,-0.43039126478616924,939,2358
21079,28,21,-0.33368658100410653,2515,5034
21081,28,21,-0.5065017443704409,2334,7125
21083,28,21,-0.34179377669310557,5394,10996
21085,28,21,-0.3642829680891964,3307,7097
21087,28,21,-0.43306780648921706,1459,3688
21089,28,21,-0.11310190369540879,7128,8946
21091,28,21,-0.12804733727810652,1842,2383
21093,28,21,-0.1594196147844516,18046,24891
21095,28,21,-0.4747774480712166,2655,7455
21097,28,21,-0.09783032350266341,3472,4225
21099,28,21,-0.25968396028527474,2647,4504
21101,28,21,-0.09093700424747969,8882,10659
21103,28,21,-0.2122920778122357,2794,4300
21105,28,21,-0.32238385734396996,722,1409
21107,28,21,-0.3569365601035754,6457,13625
21109,28,21,-0.6296579399961781,969,4264
21111,28,21,0.17861710846858703,207610,144628
21113,28,21,-0.18721814199201137,9462,13821
21115,28,21,-0.35161114145275807,2968,6187
21117,28,21,-0.32064952261481633,24370,47375
21119,28,21,-0.13127979464613126,2369,3085
21121,28,21,-0.421455938697318,3322,8162
21123,28,21,-0.3059085133418043,2185,4111
21125,28,21,-0.500432436884807,6065,18216
21127,28,21,-0.2442930153321976,2218,3652
21129,28,21,-0.30549110595514306,898,1688
21131,28,21,-0.6807710390220969,679,3575
21133,28,21,-0.25635320295116526,3175,5364
21135,28,21,-0.4267439536278233,1434,3569
21137,28,21,-0.3061224489795918,3264,6144
21139,28,21,-0.3384312868691282,1514,3063
21141,28,21,-0.4031014950320364,3214,7555
21143,28,21,-0.23432343234323433,1508,2431
21151,28,21,-0.11751127335194328,16439,20817
21153,28,21,-0.1187335092348285,2171,2756
21155,28,21,0.02495923742631384,4086,3887
21157,28,21,-0.2762510500420017,6031,10635
21159,28,21,-0.5116841257050766,909,2814
21161,28,21,-0.25549915397631134,2640,4452
21145,28,21,-0.2606956577389523,11552,19699
21147,28,21,-0.5531492510377187,1238,4303
21149,28,21,-0.25305487669406795,1681,2820
21163,28,21,-0.16297886393659183,5069,7043
21165,28,21,-0.11528545119705336,1201,1514
21167,28,21,-0.21537581075925222,4113,6371
21169,28,21,-0.2630410654827969,1660,2845
21171,28,21,-0.6269320347236926,881,3842
21173,28,21,-0.09777620896576072,5112,6220
21175,28,21,-0.12836079791847355,2010,2602
21177,28,21,-0.1452152923771704,5489,7354
21179,28,21,-0.14160754203518322,8832,11746
21181,28,21,0.024651661307609818,1434,1365
21183,28,21,-0.31589733580560164,3505,6742
21185,28,21,-0.28912885222033485,11718,21250
21187,28,21,-0.37863682604272636,1527,3388
21189,28,21,-0.4137720901889092,481,1160
21191,28,21,-0.4912250809337195,1493,4376
21193,28,21,-0.23846908734052996,3880,6310
21195,28,21,-0.21619228336495894,9294,14421
21197,28,21,-0.08979341378605032,2225,2664
21199,28,21,-0.44617835547992324,7648,19971
21201,28,21,-0.3078470824949698,344,650
21203,28,21,-0.5036137167461172,1614,4889
21205,28,21,0.057384545038865975,4625,4123
21207,28,21,-0.4824858757062147,2061,5904
21209,28,21,-0.10371075166508087,10833,13340
21211,28,21,-0.21798125732135887,8011,12477
21213,28,21,-0.2959526690869974,2618,4819
21215,28,21,-0.3664688427299703,2989,6447
21217,28,21,-0.30663553919367875,3861,7276
21219,28,21,-0.5004269854824936,1170,3514
21221,28,21,-0.4262122804383726,1911,4750
21223,28,21,-0.23723404255319153,1434,2326
21225,28,21,-0.2504070335395636,2302,3840
21227,28,21,-0.20667204067712536,19191,29190
21229,28,21,-0.21130309575233985,2191,3365
21231,28,21,-0.3411336453458138,2534,5158
21233,28,21,-0.3006306937631395,1996,3712
21235,28,21,-0.439562873809348,3795,9748
21237,28,21,-0.015145631067961185,1268,1307
21239,28,21,-0.00603207297337055,6756,6838
20001,27,20,-0.49925953350610885,1192,3889
20003,27,20,-0.5172518159806295,717,2426
20005,27,20,-0.3651159220021496,1917,4295
20007,27,20,-0.7015730337078652,275,1836
20009,27,20,-0.689441604404247,1308,8321
20011,27,20,-0.5128247287076619,1308,4427
20013,27,20,-0.5816654311835928,751,3105
20015,27,20,-0.5009444928799768,5915,19705
20017,27,20,-0.5454545454545454,271,1021
20019,27,20,-0.6753246753246753,198,1186
20021,27,20,-0.4411833489242283,2165,5938
20023,27,20,-0.7871428571428571,125,1227
20025,27,20,-0.7414486921529175,103,840
20027,27,20,-0.738971547898721,419,3250
20029,27,20,-0.6381562099871958,597,3089
20031,27,20,-0.631552795031056,604,3146
20033,27,20,-0.7321016166281755,98,732
20035,27,20,-0.41715058467902316,3286,8530
20037,27,20,-0.2629374408863667,5065,8957
20039,27,20,-0.7827926657263752,127,1237
20041,27,20,-0.6233941025327296,1273,6368
20043,27,20,-0.587378640776699,602,2538
20045,27,20,0.25577698742275823,30436,17563
20047,27,20,-0.6898638426626323,166,1078
20049,27,20,-0.6869495596477182,154,1012
20051,27,20,-0.5929262595929263,2211,9319
20053,27,20,-0.6734693877551021,384,2199
20055,27,20,-0.47916044961702975,2348,7165
20057,27,20,-0.5105401844532279,1655,5530
20059,27,20,-0.4288870477768572,2735,7394
20061,27,20,-0.3669219400779256,2187,4918
20063,27,20,-0.7986725663716815,117,1200
20065,27,20,-0.7476635514018691,135,1095
20067,27,20,-0.6744880546075085,316,1897
20069,27,20,-0.7446601941747573,222,1756
20071,27,20,-0.8143525741029641,48,570
20073,27,20,-0.6081370449678801,460,2164
20075,27,20,-0.7439165701042874,87,729
20077,27,20,-0.6552819698173153,371,2021
20079,27,20,-0.37494118437857094,4237,9815
20081,27,20,-0.7284226190476191,158,1137
20083,27,20,-0.7964426877470356,83,889
20085,27,20,-0.46132738809809637,1425,4115
20087,27,20,-0.35294117647058826,2504,5456
20089,27,20,-0.7743694614860259,127,1263
20091,27,20,-0.16542459475456822,112283,160074
20093,27,20,-0.7224702380952381,161,1132
20095,27,20,-0.6505843572070722,490,2661
20097,27,20,-0.8027777777777778,83,950
20099,27,20,-0.3598706306754571,2319,5212
20101,27,20,-0.7763904653802497,79,763
20103,27,20,-0.26814682657679983,10171,18287
20105,27,20,-0.7258503401360544,167,1234
20107,27,20,-0.5678415111725409,796,3261
20109,27,20,-0.8105497771173849,106,1197
20111,27,20,-0.3385353165894497,3760,7925
20115,27,20,-0.6328733191790517,913,4490
20117,27,20,-0.5859324585932459,867,3591
20113,27,20,-0.5564686546137592,2527,9637
20119,27,20,-0.7786214953271029,158,1491
20121,27,20,-0.44687688290821453,3773,10448
20123,27,20,-0.7301750772399589,336,2463
20125,27,20,-0.4665485531089176,2702,8232
20127,27,20,-0.6323975720789075,420,2087
20129,27,20,-0.7605396290050591,108,1010
20131,27,20,-0.7075692547795552,667,4294
20133,27,20,-0.4720844664853623,1427,4378
20135,27,20,-0.8190013869625521,109,1290
20137,27,20,-0.7387427552385198,238,1895
20139,27,20,-0.47009990150555786,1636,4977
20141,27,20,-0.7430323299888517,188,1521
20143,27,20,-0.6795981988223069,354,2316
20145,27,20,-0.6260739633918566,432,2108
20147,27,20,-0.7970465732677017,211,2316
20149,27,20,-0.6132761514077941,1829,8407
20151,27,20,-0.6299192077143602,602,3019
20153,27,20,-0.773469387755102,126,1263
20155,27,20,-0.48096472815573943,5532,17218
20157,27,20,-0.7369052379048381,274,2117
20159,27,20,-0.6198952879581152,611,2979
20161,27,20,-0.28971573838687315,7170,13438
20163,27,20,-0.7933609958506225,192,2104
20165,27,20,-0.7369118621603711,169,1281
20167,27,20,-0.7104599873976055,380,2635
20169,27,20,-0.4565822496007301,5117,15123
20171,27,20,-0.7856161245991754,187,1902
20173,27,20,-0.26541655304427797,62816,112455
20175,27,20,-0.41454622561492793,1213,3168
20177,27,20,-0.1414231658608367,30925,41689
20179,27,20,-0.7967599410898379,119,1201
20181,27,20,-0.7225455956538611,296,2158
20183,27,20,-0.744265495363592,219,1744
20185,27,20,-0.7116924719701014,230,1563
20187,27,20,-0.6903225806451614,78,506
20189,27,20,-0.7760303687635575,169,1600
20191,27,20,-0.4882077922077922,2128,6827
20193,27,20,-0.7256711409395973,417,3012
20195,27,20,-0.6809815950920245,203,1202
20197,27,20,-0.5771041789287816,619,2580
20199,27,20,-0.8790931989924433,35,733
20201,27,20,-0.7514619883040936,285,2341
20203,27,20,-0.7170010559662091,114,793
20205,27,20,-0.635036496350365,544,2806
20207,27,20,-0.5708215297450425,257,1063
20209,27,20,0.26766160740709427,28525,15863
17001,25,17,-0.17970694816448712,12391,18094
17003,25,17,0.14322438486962907,1511,1121
17005,25,17,-0.08562609045765673,3203,3841
17007,25,17,-0.17743077059187834,8509,12520
17009,25,17,-0.2578090629124505,794,1380
17011,25,17,-0.09803559332471207,6842,8434
17013,25,17,0.05692369802180053,1272,1131
17015,25,17,-0.2424614544958384,2577,4354
17017,25,17,-0.222531847133758,1799,2917
17019,25,17,0.07825999821858015,45760,38731
17021,25,17,-0.29220138203356366,4876,9316
17023,25,17,-0.3302787816210635,2394,4953
17025,25,17,-0.32568807339449546,1917,3905
17027,25,17,-0.21141525917297616,6419,10049
17029,25,17,-0.2348417765764087,7516,12555
17031,25,17,0.45482351496068607,1499900,529781
17033,25,17,-0.3286115663778974,2648,5455
17035,25,17,-0.4484011627906977,1329,3797
17039,25,17,-0.41016722408026757,1943,5009
17037,25,17,0.015629009307424946,20025,19355
17041,25,17,-0.4490528661631794,1972,5599
17043,25,17,0.036657752879748484,208669,193069
17045,25,17,-0.42119530140699624,2027,5290
17047,25,17,-0.4996867167919799,727,2322
17049,25,17,-0.5038468213108116,3810,12520
17051,25,17,-0.2714787607793038,3201,5751
17053,25,17,-0.4872888046739302,1421,4507
17055,25,17,-0.01946246524559775,8537,8894
17057,25,17,-0.06256410256410255,6726,7702
17059,25,17,0.021093749999999967,1263,1209
17061,25,17,-0.1922792759512375,2023,3064
17063,25,17,-0.09403579398766021,9475,11624
17065,25,17,-0.1369828456104944,1628,2171
17067,25,17,-0.19406494960806275,3394,5127
17069,25,17,-0.13127413127413123,865,1137
17071,25,17,-0.12044327792359283,1407,1820
17073,25,17,-0.15494011976047906,9488,13214
17075,25,17,-0.5133689839572193,2755,9379
17077,25,17,0.19866754944963994,13739,8938
17079,25,17,-0.3822994544352395,1420,3312
17081,25,17,-0.113667851334257,6903,8790
17083,25,17,-0.15090618837449526,4233,5840
17085,25,17,-0.1316831683168317,4525,5988
17087,25,17,-0.25513295186805784,2056,3572
17089,25,17,0.046554689871496524,97088,87886
17091,25,17,-0.041853673202052966,20901,22850
17093,25,17,-0.021952182991290647,24035,25202
17095,25,17,0.013547574039067423,10651,10350
17099,25,17,-0.028745322202574308,22073,23471
17097,25,17,0.049969054258200585,150351,135334
17101,25,17,-0.299320882852292,1938,3701
17103,25,17,-0.1999868989912223,5587,8640
17105,25,17,-0.40569958440530374,4019,10169
17107,25,17,-0.4052575720466977,3272,8236
17115,25,17,-0.1585232067510549,18600,26114
17117,25,17,-0.013048040512797121,10264,10550
17119,25,17,0.05932614893017135,64240,56665
17121,25,17,-0.1396280571667763,6827,9162
17123,25,17,-0.28263818243472366,1921,3588
17125,25,17,-0.22008446738620369,2301,3708
17127,25,17,-0.19565217391304351,2461,3739
17109,25,17,0.02610177368135702,6254,5917
17111,25,17,-0.09522766766031393,58815,72296
17113,25,17,-0.10434706769165597,33204,41579
17129,25,17,-0.3907346747777257,1773,4278
17131,25,17,-0.1287769784172662,3391,4465
17133,25,17,-0.17959333403207206,7458,10885
17135,25,17,-0.1020167008035292,5367,6662
17137,25,17,-0.29896907216494845,4733,9112
17139,25,17,-0.4338709677419355,1574,4264
17141,25,17,-0.2976349657362527,7645,14768
17143,25,17,-0.020450903952663912,36548,38169
17145,25,17,-0.06691526828257716,4279,4925
17147,25,17,-0.37698721511951083,2563,5954
17149,25,17,-0.23369049233690486,2654,4377
17151,25,17,-0.27866473149492016,703,1279
17153,25,17,0.07012308839985082,1394,1206
17155,25,17,-0.11018918021905078,1255,1587
17157,25,17,-0.08894763163535041,6119,7364
17159,25,17,-0.36080954295670825,2208,4900
17161,25,17,0.09820266107776832,32952,26767
17165,25,17,-0.07505986369497147,4797,5612
17167,25,17,-0.12249280723386763,39928,51849
17169,25,17,-0.08821961620469088,1612,1943
17171,25,17,-0.29597813354158525,848,1606
17173,25,17,-0.43124079528718706,2733,7418
17163,25,17,0.18898116096391954,68709,45998
17175,25,17,-0.3615526802218115,782,1760
17177,25,17,-0.20092459114182037,7411,11453
17179,25,17,-0.2676903889625068,21215,38386
17181,25,17,-0.04599881446354476,3843,4231
17183,25,17,-0.24855434354054412,10511,18076
17185,25,17,-0.37144482366325376,1541,3500
17187,25,17,-0.15001294330830955,3025,4184
17189,25,17,-0.25646670335718214,2553,4417
17191,25,17,-0.46481178396072015,1924,5616
17193,25,17,-0.2746369660228394,2408,4356
17195,25,17,-0.018919562113279387,11672,12149
17197,25,17,0.08448236738834458,152790,127473
17199,25,17,-0.08203927104722791,13518,16075
17201,25,17,-0.04153071057836988,52730,57643
17203,25,17,-0.418647352851168,5083,13291
38001,39,38,-0.7792313982011447,114,1067
38003,39,38,-0.6494941925814912,835,4302
38005,39,38,-0.37883283877349155,574,1340
38007,39,38,-0.8264462809917356,43,543
38009,39,38,-0.7473563875392969,383,2998
38011,39,38,-0.8188405797101449,136,1605
38013,39,38,-0.8568720379146919,66,970
38015,39,38,-0.667475068470239,6904,38830
38017,39,38,-0.48712134499260856,18268,57151
38019,39,38,-0.69189453125,290,1707
38021,39,38,-0.6939531057178117,335,2022
38023,39,38,-0.7308943089430895,140,1039
38025,39,38,-0.742498880429915,251,1909
38027,39,38,-0.6060358890701467,219,962
38029,39,38,-0.8281092012133469,136,1774
38031,39,38,-0.7578886976477338,170,1491
38033,39,38,-0.8315899581589958,62,857
38035,39,38,-0.44054959785522785,7714,20860
38037,39,38,-0.8129445234708392,108,1251
38039,39,38,-0.6651053864168619,194,1046
38041,39,38,-0.8271604938271605,88,1160
38043,39,38,-0.7918454935622318,117,1224
38045,39,38,-0.6993583868011,292,1818
38047,39,38,-0.8397435897435898,72,989
38049,39,38,-0.748249299719888,296,2433
38051,39,38,-0.8262050237610319,110,1327
38053,39,38,-0.7402823018458198,494,3903
38055,39,38,-0.6857196401799099,732,4391
38057,39,38,-0.7635236262561471,470,4041
38059,39,38,-0.6891977659304392,2104,12963
38061,39,38,-0.5113886847905952,892,2980
38063,39,38,-0.5828571428571429,323,1343
38065,39,38,-0.8204878048780488,74,915
38067,39,38,-0.6881281407035176,453,2644
38069,39,38,-0.7597898758357211,225,1816
38071,39,38,-0.6374813710879285,869,4291
38073,39,38,-0.5616554054054054,463,1793
38075,39,38,-0.8012374323279196,104,1140
38077,39,38,-0.6555144141761439,1117,6074
38079,39,38,-0.026838432635534093,1701,1801
38081,39,38,-0.5385375494071146,423,1513
38083,39,38,-0.8118686868686869,60,703
38085,39,38,0.17365771812080538,633,426
38087,39,38,-0.8481308411214953,25,388
38089,39,38,-0.7814754098360657,1101,10635
38091,39,38,-0.5687984496124031,204,791
38093,39,38,-0.7002081887578071,1329,8392
38095,39,38,-0.6567544604927783,179,952
38097,39,38,-0.5848913592723597,747,3062
38099,39,38,-0.6454970263381479,749,3788
38101,39,38,-0.706299357208448,3309,22538
38103,39,38,-0.7680433875677931,239,2080
38105,39,38,-0.759765004763417,1180,10750
39001,10,39,-0.5670112359550562,2181,8489
39003,10,39,-0.4702865895620131,10900,32085
39005,10,39,-0.5148262612763115,5083,17410
39007,10,39,-0.2313767236897482,14097,23443
39009,10,39,0.1370647389328275,15077,11247
39011,10,39,-0.7003508171472577,3044,19414
39013,10,39,-0.33982040816326525,9305,19712
39015,10,39,-0.5911129654740795,3490,14824
39017,10,39,-0.4258063756096412,45307,117597
39019,10,39,-0.4830614805520703,2851,9011
39021,10,39,-0.5181843497632971,3796,13100
39023,10,39,-0.34882805452129834,18384,39651
39025,10,39,-0.5664230153632851,19062,74623
39027,10,39,-0.5964979063570613,3342,14311
39029,10,39,-0.41981784901111663,11609,30416
39031,10,39,-0.47966101694915253,3565,10923
39033,10,39,-0.5081006913293578,4113,13741
39035,10,39,0.18250238599112,327680,222125
39037,10,39,-0.6789773860327843,3500,20524
39039,10,39,-0.394258966839612,4908,11899
39041,10,39,-0.3895302509085962,29801,69886
39043,10,39,-0.20673829706819286,13610,21268
39045,10,39,-0.3698508127365842,21073,47649
39047,10,39,-0.5139507407070799,2442,8097
39049,10,39,0.07038291955257114,292165,252178
39051,10,39,-0.45042669479336467,5210,14605
39053,10,39,-0.40183153074919087,3523,8613
39055,10,39,-0.4109746738296239,13458,33807
39057,10,39,-0.4082939116544818,22383,55612
39059,10,39,-0.48110241075282073,3836,11639
39061,10,39,-0.11397371232638459,170427,216298
39063,10,39,-0.5128299223712067,7761,25928
39065,10,39,-0.5276854007316262,2505,8852
39067,10,39,-0.4238818807339449,1823,4780
39069,10,39,-0.49905509521732805,3110,9976
39071,10,39,-0.5683753639909895,3521,13866
39073,10,39,-0.35523402909550916,3753,8246
39075,10,39,-0.6646569836484881,1575,8851
39077,10,39,-0.42787195523370636,6094,16493
39079,10,39,-0.4263099219620959,3574,9310
39081,10,39,-0.271865726411181,10437,18957
39083,10,39,-0.4407213781972562,7214,19775
39085,10,39,-0.2747904715952751,37594,68348
39087,10,39,-0.31379390555943243,8269,16363
39089,10,39,-0.38032330533307285,23345,54495
39091,10,39,-0.6173969914977109,3556,16772
39093,10,39,-0.12740815167533093,56032,73531
39095,10,39,0.03881556366813316,95425,87961
39097,10,39,-0.4930324762404525,3895,12351
39099,10,39,-0.03925950990169541,51211,55620
39101,10,39,-0.3854843701640359,7094,17058
39103,10,39,-0.37085892320796165,25744,58835
39105,10,39,-0.38194154488517745,2756,6415
39107,10,39,-0.6945714019214625,2919,17812
39109,10,39,-0.6052111514035189,9202,40745
39111,10,39,-0.2583811537299909,2270,3981
39113,10,39,-0.18358784039334347,98101,144700
39115,10,39,-0.4187114136457179,1691,4336
39117,10,39,-0.5195186022359338,3453,11957
39119,10,39,-0.46815103238366834,8871,25944
39121,10,39,-0.5263980548801668,1228,4259
39123,10,39,-0.3439581132595417,6608,14097
39125,10,39,-0.357207308820212,2576,5743
39127,10,39,-0.3986454771005163,4066,10011
39129,10,39,-0.468785843028019,5943,17387
39131,10,39,-0.30107066381156317,3839,7354
39133,10,39,-0.1879359812893488,27492,41313
39135,10,39,-0.6140972632407955,3424,15900
39137,10,39,-0.6900124102951491,2538,15326
39139,10,39,-0.39055502532853686,15078,36357
39141,10,39,-0.32336454871949794,9384,19018
39143,10,39,-0.3751040950070603,7715,18075
39145,10,39,-0.29565245751932423,10271,19336
39147,10,39,-0.4225669358266044,6154,16097
39149,10,39,-0.6900706804053478,3163,19370
39151,10,39,-0.2642777610243801,58440,104011
39153,10,39,-0.04180355454414336,112591,123025
39155,10,39,-0.12439671429028032,38576,50252
39157,10,39,-0.3917772406649238,11147,27032
39159,10,39,-0.5136624144943612,5976,19868
39161,10,39,-0.5262568998955692,2727,9782
39163,10,39,-0.3623405851462866,1546,3478
39165,10,39,-0.5409264153082673,23827,85848
39167,10,39,-0.28944467410775804,9676,18078
39169,10,39,-0.42645588985211624,12697,33604
39171,10,39,-0.5026807282154009,3692,12224
39173,10,39,-0.2396624873353596,22393,37532
39175,10,39,-0.5426499032882011,2124,7735
24001,35,24,-0.2854248231334569,9761,18072
24003,35,24,-0.0011588841493337387,127961,128268
24005,35,24,0.1612494284882996,217151,155079
24510,35,24,0.7009830030380632,193819,29306
24009,35,24,-0.15028108249444377,18534,25431
24011,35,24,-0.31077278302907857,4596,8903
24013,35,24,-0.3604447693091457,27649,60195
24015,35,24,-0.27760397497239603,14846,26914
24017,35,24,0.30515279077019025,48994,25507
24019,35,24,-0.0718570947084598,6697,7763
24021,35,24,-0.027999869464478022,57084,60516
24023,35,24,-0.5635640891022276,2696,10210
24025,35,24,-0.2459415891563803,47858,80355
24027,35,24,0.2621597683315221,97622,55888
24029,35,24,-0.02296176411086387,4709,4936
24031,35,24,0.5319343472164179,354149,103401
24033,35,24,0.7873240507856246,334265,34067
24035,35,24,-0.326522803795531,8472,17006
24039,35,24,-0.09326156712555633,4277,5178
24037,35,24,-0.2122268567515408,17980,28207
24041,35,24,-0.09347085821447954,8967,10861
24043,35,24,-0.2208848045806115,23313,37278
24045,35,24,-0.08725314183123878,18382,22027
24047,35,24,-0.2388890897913427,10125,16731
29001,33,29,-0.13773159494167242,4198,5603
29003,33,29,-0.2733465172489563,3122,5610
29005,33,29,-0.43252336448598133,704,1861
29007,33,29,-0.2046,3680,5726
29009,33,29,-0.42301126664390576,3864,10059
29011,33,29,-0.5494840128573846,1231,4479
29013,33,29,-0.22119122257053292,2866,4630
29015,33,29,-0.2934257508926696,3097,5891
29017,33,29,-0.4702211126961483,1379,4016
29019,33,29,0.13156215767235258,45100,34171
29021,33,29,-0.04367732149879222,16103,17658
29023,33,29,-0.42488967343336276,4543,11764
29025,33,29,-0.23087621696801108,1517,2513
29027,33,29,-0.20321050711419192,7084,10983
29029,33,29,-0.3316983992509029,6995,14434
29031,33,29,-0.35186744533478204,11219,24173
29033,33,29,-0.3649551001611789,1290,2875
29035,33,29,-0.41867145421903057,742,1908
29037,33,29,-0.13570782718087826,20628,27532
29039,33,29,-0.4613185067513901,1541,4445
29041,33,29,-0.21641414141414134,1465,2322
29043,33,29,-0.3839397439599577,11857,27812
29045,33,29,-0.29844369850472996,1059,2037
29047,33,29,0.055850242511217285,55322,49173
29049,33,29,-0.15885747823535168,3990,5614
29051,33,29,-0.20610524068737324,14216,21940
29053,33,29,-0.2192674360260914,2920,4668
29055,33,29,-0.3070898179228969,3144,6163
29057,33,29,-0.4666666666666667,969,2810
29059,33,29,-0.4201669359181476,1980,5101
29061,33,29,-0.25381935138032696,1266,2213
29063,33,29,-0.29490264712316777,1478,2826
29065,33,29,-0.4223437269100044,1795,4653
29067,33,29,-0.4796699174793698,1556,4753
29069,33,29,-0.299199691447305,3433,6536
29071,33,29,-0.18329596412556048,19102,28258
29073,33,29,-0.3266846361185983,2319,4743
29075,33,29,-0.27694859038142616,1025,1860
29077,33,29,-0.16965654293790966,50967,72993
29079,33,29,-0.35467869222096954,1325,2898
29081,33,29,-0.3716234652114598,1053,2415
29083,33,29,-0.17405866233634426,3785,5500
29085,33,29,-0.31242024670353036,1490,2959
29087,33,29,-0.4222031718816974,629,1614
29089,33,29,-0.1537029375258585,1928,2671
29091,33,29,-0.44379722013956974,4375,12070
29093,33,29,-0.1556659569434587,1671,2329
29095,33,29,0.04472538163960249,85664,77941
29097,33,29,-0.37848556202751277,13799,32123
29099,33,29,-0.05905779964052599,46975,53218
29101,33,29,-0.15579504632255625,8315,11611
29103,33,29,-0.35616438356164387,558,1208
29105,33,29,-0.45817751184243327,3965,11316
29107,33,29,-0.16779073432083202,6150,8812
29109,33,29,-0.43068535825545173,4336,11525
29111,33,29,-0.28519692168401994,1472,2732
29113,33,29,-0.19342741935483876,9264,14061
29115,33,29,-0.21329739442946988,2058,3245
29117,33,29,-0.256184023948322,2208,3834
29121,33,29,-0.3404847040127136,2323,4894
29123,33,29,-0.2716959727736812,1766,3203
29125,33,29,-0.36470850022251894,1339,2978
29127,33,29,-0.3208839091192032,4115,8239
29119,33,29,-0.49156066536203524,1793,5812
29129,33,29,-0.4908877131099354,396,1231
29131,33,29,-0.41718874084531893,3032,7760
29133,33,29,-0.15055248618784522,2063,2826
29135,33,29,-0.34389273611315746,2097,4431
29137,33,29,-0.3051837430031638,1330,2584
29139,33,29,-0.3106885730108916,1722,3405
29141,33,29,-0.28444343065693434,2916,5410
29143,33,29,-0.18100358422939072,2844,4157
29145,33,29,-0.4474297309484443,6691,18598
29147,33,29,-0.2179691653375863,3466,5516
29149,33,29,-0.3554307924854243,1385,3031
29151,33,29,-0.38929784824462066,2039,4789
29153,33,29,-0.4411633109619687,1113,3085
29155,33,29,-0.21745814827468396,2203,3476
29157,33,29,-0.34473929236499073,2637,5599
29159,33,29,-0.20588071813684616,6657,10361
29161,33,29,-0.24212173537664577,6576,11063
29163,33,29,-0.16485310119695323,2872,4084
29165,33,29,0.017659413935846968,23795,22929
29167,33,29,-0.43921794964288285,3605,9693
29169,33,29,-0.34239332787251475,4065,8663
29171,33,29,-0.5357299430074529,486,1708
29173,33,29,-0.2801384349163623,1763,3220
29175,33,29,-0.2393319173585634,3656,6135
29177,33,29,-0.06383569247849008,4725,5415
29179,33,29,-0.26233412725416805,1009,1780
29181,33,29,-0.4595950213635519,1340,3814
29195,33,29,-0.05973379504382642,4061,4613
29197,33,29,-0.3741460851287441,547,1259
29199,33,29,-0.36752577319587626,570,1283
29201,33,29,-0.3269320569694139,5439,11040
29203,33,29,-0.3101135190918473,1234,2436
29205,33,29,-0.35425730267246736,989,2129
29183,33,29,-0.07824696511564189,88238,103946
29185,33,29,-0.31822088525999137,1460,2941
29187,33,29,-0.12172109479848708,10117,13110
29189,33,29,0.2310895615271426,308925,189726
29510,33,29,0.6679850649400231,107070,19586
29186,33,29,-0.01990464839094158,3929,4096
29207,33,29,-0.44538513871040897,3426,9318
29209,33,29,-0.45139813581890814,4162,11620
29211,33,29,-0.37500000000000006,735,1662
29213,33,29,-0.4270057367925336,6143,16117
29215,33,29,-0.43804298125285784,2829,7619
29217,33,29,-0.3213659221143726,2700,5448
29219,33,29,-0.19007056131205896,5928,8918
29221,33,29,-0.17082742832225006,3516,5083
29223,33,29,-0.3424414478353442,1706,3636
29225,33,29,-0.4070480385737246,4612,11450
29227,33,29,-0.33462282398452614,321,667
29229,33,29,-0.5059943146706217,1836,5930
29380,33,29,0.5909447625855679,100102,24048
41001,15,41,-0.15047816568729117,3348,4654
41003,15,41,0.33634472760888295,29007,12998
41005,15,41,0.16757898964015433,113152,78099
41007,15,41,0.25642089970424947,11143,6201
41009,15,41,0.11264314987169172,13064,10123
41011,15,41,-0.020091680483760865,13468,14086
41013,15,41,-0.11786279903309166,4840,6254
41015,15,41,-0.019354314060339883,5395,5633
41017,15,41,0.16641275171263048,52098,36041
41019,15,41,-0.14888176475078235,19832,27634
41021,15,41,0.0637880274779195,507,442
41023,15,41,-0.1523944326492097,1631,2277
41025,15,41,-0.13541134389371484,1540,2070
41027,15,41,0.4027402367415416,6967,2646
41029,15,41,0.10461359281662097,53474,42336
41031,15,41,0.05901920806953531,4517,3967
41033,15,41,-0.05295334405883706,18463,20767
41035,15,41,-0.08220274009133638,12342,14808
41037,15,41,-0.22337125129265767,1363,2227
41039,15,41,0.28895438236801635,110836,56716
41041,15,41,0.272296890672016,14512,7725
41043,15,41,-0.05394953277569736,23908,26991
41045,15,41,-0.29083235178641537,3082,6045
41047,15,41,0.08158293916773146,66269,55351
41049,15,41,-0.06275745093288104,1719,1978
41051,15,41,0.5913433190925924,285058,56395
41053,15,41,0.06462782762542651,19250,16693
41055,15,41,-0.058058058058058026,440,498
41057,15,41,0.1538745115387451,7187,5100
41059,15,41,-0.06021185653224309,11279,12899
41061,15,41,-0.08411288420721635,5302,6372
41063,15,41,-0.10933147632311979,1767,2238
41065,15,41,0.20342448249424994,6512,4124
41067,15,41,0.30697101543225175,158685,78184
41069,15,41,-0.03611457036114574,355,384
41071,15,41,0.05582401882511134,22807,20150
36001,38,36,0.4760225721978386,98287,33755
36003,38,36,-0.09701074787281688,7881,9614
36005,38,36,0.7765830229845224,344113,25905
36007,38,36,0.2892616226071103,51929,28130
36009,38,36,0.061203002411439056,15297,13495
36011,38,36,0.258197618080085,19796,11536
36013,38,36,0.15524617088728465,29743,21614
36015,38,36,0.10969913250355412,18775,14994
36017,38,36,0.08611140140035534,10111,8463
36019,38,36,0.266873977086743,18955,10802
36021,38,36,0.2946084508930067,18893,10101
36023,38,36,0.24724935732647818,11857,7048
36025,38,36,0.03700588730025234,9635,8931
36027,38,36,0.19033404748722144,72668,48948
36029,38,36,0.404472539920342,284110,118072
36031,38,36,0.1410674016537209,8829,6577
36033,38,36,0.21741008081929786,9640,6116
36035,38,36,0.0440154053918872,10237,9357
36037,38,36,0.00389182320003173,12343,12245
36039,38,36,0.045302250955594314,10823,9863
36041,38,36,-0.04163955757970067,1444,1572
36043,38,36,0.1349837662337663,13702,10376
36045,38,36,0.14873469387755106,20711,15245
36047,38,36,0.703449842012473,659982,83820
36049,38,36,0.03582034149962876,5492,5106
36051,38,36,0.06585764456344101,14984,13090
36053,38,36,0.18539852180852912,16706,11363
36055,38,36,0.36424297660545296,226493,103400
36057,38,36,0.1669886834115374,10357,7332
36059,38,36,0.308923500697462,403274,210823
36061,38,36,0.687151202915056,553432,69536
36063,38,36,0.2108775899704003,52114,33662
36065,38,36,0.2092860312492701,50821,32899
36067,38,36,0.4196772539732917,143126,57174
36069,38,36,0.1669886834115374,10357,7332
36071,38,36,0.2166331183502444,87368,55727
36073,38,36,-0.05751704991248713,7148,8101
36075,38,36,0.16058045315317276,26172,18780
36077,38,36,0.17573751736536736,14059,9758
36079,38,36,0.08773413111342354,24635,20588
36081,38,36,0.6279529264706927,541334,99252
36083,38,36,0.2929304578479991,43897,23577
36085,38,36,0.24293405476342866,108147,62979
36087,38,36,0.32077698822000933,82386,41894
36091,38,36,0.20458609540667955,65362,42709
36093,38,36,0.33238209211697195,42649,20985
36095,38,36,0.008450911228689018,6721,6606
36097,38,36,0.005753326141675674,4073,4025
36099,38,36,0.17655346285036333,7745,5364
36089,38,36,0.2446691521605021,22755,13633
36101,38,36,-0.04713461347129638,18743,20638
36103,38,36,0.220555407694355,390754,247391
36105,38,36,0.21843258847428632,16770,10641
36107,38,36,0.014660851814048415,10661,10345
36109,38,36,0.5219098400387785,30349,8815
36111,38,36,0.3264365838974825,52598,26029
36113,38,36,0.22382443053150392,17885,11164
36115,38,36,0.14578942931804767,13246,9787
36117,38,36,0.04610988440057151,19704,17929
36119,38,36,0.44586922498828074,287893,108127
36121,38,36,-0.0644033653276454,7756,8843
36122,38,36,0.09348296098012976,5205,4297
